fsdownload_num,article_id,title,data_citation,data_doi,paper_title,paper_doi,license
2,5783157,Table 4. Zircon Lu–Hf isotopic data. Petrogenesis of Early Paleozoic diorites and mafic–intermediate dykes from the eastern Qilian orogen NE Tibetan Plateau: implication for lithospheric processes,Yang He; Zhang Hongfei; Luo Biji; Gao Zhong; Tao Lu (2018): Table 4. Zircon Lu-Hf isotopic data. Petrogenesis of Early Paleozoic diorites and mafic-intermediate dykes from the eastern Qilian orogen NE Tibetan Plateau: implication for lithospheric processes. Geological Society of London. Dataset. https://doi.org/10.6084/m9.figshare.5783157.v1,10.6084/m9.figshare.5783157.v1,,,CC BY 4.0
3,11858388,The construction mechanism of the Neoproterozoic S-type Sanfang-Yuanbaoshan granitic plutons in the Jiangnan Orogenic Belt South China revealed by geological observation geochronology AMS and Bouguer gravity modeling,Yan Chaolei; Shu Liangshu; CHEN Yan; FAURE Michel; 冯 佐海; 翟 明国 (2020): The construction mechanism of the Neoproterozoic S-type Sanfang-Yuanbaoshan granitic plutons in the Jiangnan Orogenic Belt South China revealed by geological observation geochronology AMS and Bouguer gravity modeling. figshare. Figure. https://doi.org/10.6084/m9.figshare.11858388.v1,10.6084/m9.figshare.11858388.v1,,,CC BY 4.0
5,3454121,U-Pb and Lu-Hf zircon data in young sediments reflect sedimentary recycling in eastern South Africa,Andersen Tom; Elburg Marlina; Cawthorn-Blazeby Anton (2016): U–Pb and Lu–Hf zircon data in young sediments reflect sedimentary recycling in eastern South Africa. Geological Society of London. Dataset. https://doi.org/10.6084/m9.figshare.3454121.v1,10.6084/m9.figshare.3454121.v1,U–Pb and Lu–Hf zircon data in young sediments reflect sedimentary recycling in eastern South Africa,10.1144/jgs2015-006,CC BY 4.0
7,12195678,Supplement Information for Tectonics (Permian-Triassic magmatic evolution of granitoids from the southeastern Central Asian Orogenic Belt: implications for accretion leading to collision,Wu Didi; Li Shan; Chew David; Liu Tieyi (2020): Supplement Information for Tectonics (Permian-Triassic magmatic evolution of granitoids from the southeastern Central Asian Orogenic Belt: implications for accretion leading to collision. figshare. Dataset. https://doi.org/10.6084/m9.figshare.12195678.v1,10.6084/m9.figshare.12195678.v1,,,CC BY 4.0
11,5117581,"Detrital zircon U-Pb geochronology and Hf isotope geochemistry of metasedimentary strata in the southern Brooks Range: constraints
on Neoproterozoic-Cretaceous evolution of Arctic Alaska","Hoiland Carl W.; Miller Elizabeth L.; Pease Victoria; K. Hourigan Jeremy (2017): Detrital zircon U–Pb geochronology and Hf isotope geochemistry of metasedimentary strata in the southern Brooks Range: constraints
on Neoproterozoic–Cretaceous evolution of Arctic Alaska. Geological Society of London. Dataset. https://doi.org/10.6084/m9.figshare.5117581.v1",10.6084/m9.figshare.5117581.v1,,,CC BY 4.0
12,4580695,Zircon Lu-Hf isotopic compositions. Early Mesozoic intracontinental orogeny and stress transmission in South China: evidence from Triassic peraluminous granites,Song Meijia; Shu Liangshu; Santosh M. (2017): Zircon Lu–Hf isotopic compositions. Early Mesozoic intracontinental orogeny and stress transmission in South China: evidence from Triassic peraluminous granites. Geological Society of London. Dataset. https://doi.org/10.6084/m9.figshare.4580695.v2,10.6084/m9.figshare.4580695.v2,,,CC BY 4.0
17,4206213,Lu-Hf zircon data. A detrital record of the Nile River and its catchment,Fielding Laura; Najman Yani; Millar Ian; Butterworth Peter; Ando Sergio; Padoan Marta; et al. (2016): Lu–Hf zircon data. A detrital record of the Nile River and its catchment. Geological Society of London. Dataset. https://doi.org/10.6084/m9.figshare.4206213.v1,10.6084/m9.figshare.4206213.v1,,,CC BY 4.0
18,13673767,Table A7: Zircon Lu-Hf isotopic data. Mafic rocks from the southern Alxa block of Northwest China and its geodynamic evolution in the Paleozoic,Zhang Liqi; Zhang Hongfei; Hawkesworth Chris; Luo Biji; Yang He (2021): Table A7: Zircon Lu–Hf isotopic data. Mafic rocks from the southern Alxa block of Northwest China and its geodynamic evolution in the Paleozoic. Geological Society of London. Dataset. https://doi.org/10.6084/m9.figshare.13673767.v1,10.6084/m9.figshare.13673767.v1,,,CC BY 4.0
19,8260688,Paleoproterozoic A-type granite from the southwestern margin of the North China block: high temperature melting of tonalitic crust in extensional setting,Paleoproterozoic A-type granite from the southwestern margin of the North China block: high temperature melting of tonalitic crust in extensional setting. Taylor & Francis. Wang Xing-Ying; Qin Jiang-Feng; Lai Shao-Cong; Long Xiao-Ping; Ju Yin-Juan; Zhang Ze-Zhong; et al..,10.6084/m9.figshare.8260688.v1,Paleoproterozoic A-type granite from the southwestern margin of the North China block: high temperature melting of tonalitic crust in extensional setting,10.1080/00206814.2019.1627590,CC BY 4.0
20,5678773,Table S3. Zircon Lu-Hf isotopic data for the sandstones. Geochemistry and zircon U-Hf isotopic data for Permo-Carboniferous sediments in the Solonker Zone Inner Mongolia China: constraints on depositional age provenance and tectonic setting,Chen Yan; Zhang Zhicheng; Fanning C. Mark; Yang Jinfu; Fu Bin; Wu Tairan (2017): Table S3. Zircon Lu–Hf isotopic data for the sandstones. Geochemistry and zircon U–Pb–Hf isotopic data for Permo-Carboniferous sediments in the Solonker Zone Inner Mongolia China: constraints on depositional age provenance and tectonic setting. Geological Society of London. Dataset. https://doi.org/10.6084/m9.figshare.5678773.v1,10.6084/m9.figshare.5678773.v1,,,CC BY 4.0
21,12783869,Supplementary A: New zircon U-Pb REE and Lu-Hf data for detrital samples from Paleoproterozoic sequences in Madagascar,Armistead Sheree (2020): Supplementary A: New zircon U-Pb REE and Lu-Hf data for detrital samples from Paleoproterozoic sequences in Madagascar. figshare. Dataset. https://doi.org/10.6084/m9.figshare.12783869.v1,10.6084/m9.figshare.12783869.v1,,,CC BY 4.0
23,13687966,Supplementary Data  - Cruz et al 2021,Cruz Kelly (2021): Supplementary Data  - Cruz et al 2021. figshare. Dataset. https://doi.org/10.6084/m9.figshare.13687966.v1,10.6084/m9.figshare.13687966.v1,,,CC BY 4.0
25,4873007,Neoproterozoic basement history of Wrangel Island and Arctic Chukotka: integrated insights from zircon U-Pb O and Hf isotopic studies,Gottlieb Eric S.; Pease Victoria; Miller Elizabeth L.; Akinin Vyacheslav V. (2017): Neoproterozoic basement history of Wrangel Island and Arctic Chukotka: integrated insights from zircon U–Pb O and Hf isotopic studies. Geological Society of London. Dataset. https://doi.org/10.6084/m9.figshare.4873007.v1,10.6084/m9.figshare.4873007.v1,,,CC BY 4.0
26,4004871,Table 3. Zircon and monazite geochronology of deformation in the Pielavesi Shear Zone Finland: multistage evolution of the Archaean-Proterozoic boundary in the Fennoscandian Shield,Woodard Jeremy; Tuisku Pekka; Kärki Aulis; Lahaye Yann; Majka Jarosław; Huhma Hannu; et al. (2016): Table 3. Zircon and monazite geochronology of deformation in the Pielavesi Shear Zone Finland: multistage evolution of the Archaean–Proterozoic boundary in the Fennoscandian Shield. Geological Society of London. Dataset. https://doi.org/10.6084/m9.figshare.4004871.v1,10.6084/m9.figshare.4004871.v1,,,CC BY 4.0
27,6205604,Early Cenozoic thickening and reworking of the eastern Gangdese arc south Tibet: constraints from the Oligocene granitoids,Ding Huixia; Zhang Zeming (2018): Early Cenozoic thickening and reworking of the eastern Gangdese arc south Tibet: constraints from the Oligocene granitoids. Geological Society of London. Dataset. https://doi.org/10.6084/m9.figshare.6205604.v1,10.6084/m9.figshare.6205604.v1,,,CC BY 4.0
28,8197673,Table S3. Thickening and partial melting of the Northern Qinling Orogen China: Insights from zircon U-Pb geochronology and Hf isotopic compositions of migmatite,Sun Shengsi; Dong Yunpeng; He Dengfeng; Cheng Chao; Liu Xiaoming (2019): Table S3. Thickening and partial melting of the Northern Qinling Orogen China: Insights from zircon U–Pb geochronology and Hf isotopic compositions of migmatite. Geological Society of London. Dataset. https://doi.org/10.6084/m9.figshare.8197673.v1,10.6084/m9.figshare.8197673.v1,,,CC BY 4.0
29,4733242,LA-MC-ICP-MS Lu-Hf isotope data  of detrital zircons. Zircon U-Pb age and Hf isotope evidence for an Eoarchaean crustal remnant and episodic crustal reworking in response to supercontinent cycles in NW India,Wang Wei; Cawood Peter A.; Pandit Manoj K.; Zhou Mei-Fu; Chen Wei-Terry (2017): LA-MC-ICP-MS Lu–Hf isotope data  of detrital zircons. Zircon U–Pb age and Hf isotope evidence for an Eoarchaean crustal remnant and episodic crustal reworking in response to supercontinent cycles in NW India. Geological Society of London. Dataset. https://doi.org/10.6084/m9.figshare.4733242.v1,10.6084/m9.figshare.4733242.v1,,,CC BY 4.0
30,3504923,Late Cretaceous granitoids in Karakorum northwest Tibet: petrogenesis and tectonic implications,Late Cretaceous granitoids in Karakorum northwest Tibet: petrogenesis and tectonic implications. Taylor & Francis. Liu Lijie; Hou Mingcai; Chen Yue; Tang Hongwei; Xiao Christopher.,10.6084/m9.figshare.3504923.v1,Late Cretaceous granitoids in Karakorum northwest Tibet: petrogenesis and tectonic implications,10.1080/00206814.2016.1214087,CC BY 4.0
32,12136878,Permian igneous clasts from the Matzitzi Formation southern Mexico: isotopic constraints on the final amalgamation of Pangea,Júrez-Zúñiga Sandra; Solari Luigi A.; Ortega-Oberegón Carlos (2020): Permian igneous clasts from the Matzitzi Formation southern Mexico: isotopic constraints on the final amalgamation of Pangea. Geological Society of London. Dataset. https://doi.org/10.6084/m9.figshare.12136878.v1,10.6084/m9.figshare.12136878.v1,,,CC BY 4.0
34,5477878,LA-MC-ICPMS zircon Lu-Hf isotopic data. Multiple intrusive phases in the Leinster Batholith Ireland: geochronology isotope geochemistry and constraints on the deformation history,Fritschle Tobias; Daly J. Stephen; Whitehouse Martin J.; McConnell Brian; Buhre Stephan (2017): LA–MC–ICPMS zircon Lu–Hf isotopic data. Multiple intrusive phases in the Leinster Batholith Ireland: geochronology isotope geochemistry and constraints on the deformation history. Geological Society of London. Dataset. https://doi.org/10.6084/m9.figshare.5477878.v1,10.6084/m9.figshare.5477878.v1,,,CC BY 4.0
38,12189351,Supplemental material: Evolution of the Jura-Cretaceous North American Cordilleran margin: Insights from detrital-zircon U-Pb and Hf isotopes of sedimentary units of the North Cascades Range Washington,Fisher Kirsten B. Sauer; Stacia M. Gordon; Robert B. Miller; Jeffrey D. Vervoort; Christopher M. (2017): Supplemental material: Evolution of the Jura-Cretaceous North American Cordilleran margin: Insights from detrital-zircon U-Pb and Hf isotopes of sedimentary units of the North Cascades Range Washington. Geological Society of America. Journal contribution. https://doi.org/10.1130/GES01501.S1,10.1130/GES01501.S1,Evolution of the Jura-Cretaceous North American Cordilleran margin: Insights from detrital-zircon U-Pb and Hf isotopes of sedimentary units of the North Cascades Range Washington,10.1130/GES01501.1,CC BY-NC 4.0
39,12202406,Geochemistry and tectonic significance of the Fannuj-Maskutan SSZ-type ophiolite (Inner Makran SE Iran),Geochemistry and tectonic significance of the Fannuj-Maskutan SSZ-type ophiolite (Inner Makran SE Iran). Taylor & Francis. Sepidbar Fatemeh; Lucci Federico; Biabangard Habib; Khedr Mohamed Zaki; Jiantang Peng.,10.6084/m9.figshare.12202406.v1,Geochemistry and tectonic significance of the Fannuj-Maskutan SSZ-type ophiolite (Inner Makran SE Iran),10.1080/00206814.2020.1753118,CC BY 4.0
40,13244348,Supplemental Material: The role and significance of juvenile sediments in the formation of A-type granites West Junggar oceanic arc (NW China): Zircon Hf-O isotopic perspectives,Yin Jiyuan; al. et (2020): Supplemental Material: The role and significance of juvenile sediments in the formation of A-type granites West Junggar oceanic arc (NW China): Zircon Hf-O isotopic perspectives. Geological Society of America. Journal contribution. https://doi.org/10.1130/GSAB.S.13244348.v1,10.1130/GSAB.S.13244348.v1,The role and significance of juvenile sediments in the formation of A-type granites West Junggar oceanic arc (NW China): Zircon Hf-O isotopic perspectives,10.1130/B35790.1,CC BY-NC 4.0
41,12783887,Supplementary B: Compiled database of zircon U-Pb and Lu-Hf data from Madagascar East Africa and India,Armistead Sheree (2020): Supplementary B: Compiled database of zircon U-Pb and Lu-Hf data from Madagascar East Africa and India. figshare. Dataset. https://doi.org/10.6084/m9.figshare.12783887.v3,10.6084/m9.figshare.12783887.v3,,,CC BY 4.0
42,12286616,Table S6: Zircon Lu–Hf and O isotope composition of the Paleogene rocks from oceanic tract of NW Iran. The Paleogene Ophiolite Conundrum of the Iran-Iraq Border Region,Moghadam Hadi Shafaii; Li Qiu-Li; Stern Robert J.; Chiaradia Massimo; Karsli Orhan; Rahimzadeh Bahman (2020): Table S6: Zircon Lu–Hf and O isotope composition of the Paleogene rocks from oceanic tract of NW Iran. The Paleogene Ophiolite Conundrum of the Iran–Iraq Border Region. Geological Society of London. Dataset. https://doi.org/10.6084/m9.figshare.12286616.v1,10.6084/m9.figshare.12286616.v1,,,CC BY 4.0
43,12205166,Mechanism of Paleoarchean continental crust formation as archived in granitoids from northern part of Singhbhum Craton eastern India,Dey Sukanta; Nayak Sibani Kumari; Mitra Aniruddha; Zong Keqing; Liu Yongsheng (2020): Mechanism of Paleoarchean continental crust formation as archived in granitoids from northern part of Singhbhum Craton eastern India. Geological Society of London. Dataset. https://doi.org/10.6084/m9.figshare.12205166.v1,10.6084/m9.figshare.12205166.v1,,,CC BY 4.0
46,13204864,Archean to paleoproterozoic crustal evolution in the Phan Si Pan zone Northwest Vietnam: evidence from the U-Pb geochronology and Sr-Nd-Hf isotopic geochemistry,Archean to paleoproterozoic crustal evolution in the Phan Si Pan zone Northwest Vietnam: evidence from the U-Pb geochronology and Sr-Nd-Hf isotopic geochemistry. Taylor & Francis. Hieu Pham Trung; Lei Wang Xiao; Minh Pham; Thuy Nguyen Thi Bich; Le Duc Phuc; Luyen Nguyen Dinh.,10.6084/m9.figshare.13204864.v1,Archean to paleoproterozoic crustal evolution in the Phan Si Pan zone Northwest Vietnam: evidence from the U-Pb geochronology and Sr-Nd-Hf isotopic geochemistry,10.1080/00206814.2020.1839976,CC BY 4.0
48,13645856,Supplemental Material: Jurassic evolution of the Qaidam Basin in western China: Constrained by stratigraphic succession detrital zircon U-Pb geochronology and Hf isotope analysis,Qian Tao; al. et (2021): Supplemental Material: Jurassic evolution of the Qaidam Basin in western China: Constrained by stratigraphic succession detrital zircon U-Pb geochronology and Hf isotope analysis. Geological Society of America. Journal contribution. https://doi.org/10.1130/GSAB.S.13645856.v1,10.1130/GSAB.S.13645856.v1,Jurassic evolution of the Qaidam Basin in western China: Constrained by stratigraphic succession detrital zircon U-Pb geochronology and Hf isotope analysis,10.1130/B35757.1,CC BY-NC 4.0
49,10317968,Early Cretaceous granodiorite and its mafic enclaves from the Shuiyu area (Southern North China Craton): implications for crust–mantle interaction,Early Cretaceous granodiorite and its mafic enclaves from the Shuiyu area (Southern North China Craton): implications for crust–mantle interaction. Taylor & Francis. Zhang Zezhong; Qin Jiangfeng; Lai Shaocong; Long Xiaoping; Zhang Hongfa; Ju Yinjuan; et al..,10.6084/m9.figshare.10317968.v1,Early Cretaceous granodiorite and its mafic enclaves from the Shuiyu area (Southern North China Craton): implications for crust–mantle interaction,10.1080/00206814.2019.1689535,CC BY 4.0
50,12465842,Supplemental Material: Detrital zircon geochronology and Hf isotope geochemistry of Mesozoic sedimentary basins in south-central Alaska: Insights into regional sediment transport basin development and tectonics along the NW Cordilleran margin,Fasulo C.R.; al. et (2020): Supplemental Material: Detrital zircon geochronology and Hf isotope geochemistry of Mesozoic sedimentary basins in south-central Alaska: Insights into regional sediment transport basin development and tectonics along the NW Cordilleran margin. Geological Society of America. Dataset. https://doi.org/10.1130/GEOS.S.12465842.v1,10.1130/GEOS.S.12465842.v1,Detrital zircon geochronology and Hf isotope geochemistry of Mesozoic sedimentary basins in south-central Alaska: Insights into regional sediment transport basin development and tectonics along the NW Cordilleran margin,10.1130/GES02221.1,CC BY-NC 4.0
52,12627752,Supplemental Material: Tectonic origin of the Bainaimiao arc terrane in the southern Central Asian orogenic belt: Evidence from sedimentary and magmatic rocks in the Damao region,Zhou Hai; Zhao Guochun; al. et (2020): Supplemental Material: Tectonic origin of the Bainaimiao arc terrane in the southern Central Asian orogenic belt: Evidence from sedimentary and magmatic rocks in the Damao region. Geological Society of America. Journal contribution. https://doi.org/10.1130/GSAB.S.12627752.v1,10.1130/GSAB.S.12627752.v1,Tectonic origin of the Bainaimiao arc terrane in the southern Central Asian orogenic belt: Evidence from sedimentary and magmatic rocks in the Damao region,10.1130/B35496.1,CC BY-NC 4.0
53,12976991,Supplemental Material: Syn-exhumation magmatism in an active continental margin above a continental subduction zone: Evidence from Late Triassic mafic igneous rocks in the southeastern North China Block,Fang Wei; Dai Li-Qun (2020): Supplemental Material: Syn-exhumation magmatism in an active continental margin above a continental subduction zone: Evidence from Late Triassic mafic igneous rocks in the southeastern North China Block. Geological Society of America. Journal contribution. https://doi.org/10.1130/GSAB.S.12976991.v1,10.1130/GSAB.S.12976991.v1,Syn-exhumation magmatism in an active continental margin above a continental subduction zone: Evidence from Late Triassic mafic igneous rocks in the southeastern North China Block,10.1130/B35656.1,CC BY-NC 4.0
56,3454115,Detrital zircon in a supercontinental setting: locally derived and far-transported components in the Ordovician Natal Group South Africa,"Kristoffersen M.; Andersen T.; Elburg M. A.; Watkeys M. K. (2016): Detrital zircon in a supercontinental setting: locally derived and far-transported components in the Ordovician Natal Group
                  South Africa. Geological Society of London. Dataset. https://doi.org/10.6084/m9.figshare.3454115.v1",10.6084/m9.figshare.3454115.v1,"Detrital zircon in a supercontinental setting: locally derived and far-transported components in the Ordovician Natal Group
                  South Africa",10.1144/jgs2015-012,CC BY 4.0
57,5977129,Petrogenesis and tectonic significance of late Mesozoic granitic and adakitic rocks from inland South China: constraints from geochemistry zircon U-Pb geochronology and Hf isotopes,Wang J.Q.; Shu Liangshu; Santosh M. (2018): Petrogenesis and tectonic significance of late Mesozoic granitic and adakitic rocks from inland South China: constraints from geochemistry zircon U–Pb geochronology and Hf isotopes. Geological Society of London. Journal contribution. https://doi.org/10.6084/m9.figshare.5977129.v1,10.6084/m9.figshare.5977129.v1,,,CC BY 4.0
58,12398573,Zircon U-Pb ages and Hf isotopes and whole-rock geochemical compositions,Zheng Rongguo (2020): Zircon U-Pb ages and Hf isotopes and whole-rock geochemical compositions. figshare. Dataset. https://doi.org/10.6084/m9.figshare.12398573.v1,10.6084/m9.figshare.12398573.v1,,,CC BY 4.0
59,5350429,Origin of the Cretaceous ore-bearing granitoids in the Beihuaiyang Zone northern margin of the Dabie Orogen Eastern China,Origin of the Cretaceous ore-bearing granitoids in the Beihuaiyang Zone northern margin of the Dabie Orogen Eastern China. Taylor & Francis. Liu Xiaoqiang; Yan Jun; Wang Aiguo; Li Quanzhong; Xie Jiancheng.,10.6084/m9.figshare.5350429.v1,Origin of the Cretaceous ore-bearing granitoids in the Beihuaiyang Zone northern margin of the Dabie Orogen Eastern China,10.1080/00206814.2017.1363005,CC BY 4.0
60,12189006,Supplemental material: U-Pb zircon ages of the Wildhorse gneiss Pioneer Mountains south-central Idaho and tectonic implications,Link Paul K.; Autenrieth-Durk Kathleen M.; Cameron Angie; Fanning C. Mark; Vogl James J.; Foster David A. (2017): Supplemental material: U-Pb zircon ages of the Wildhorse gneiss Pioneer Mountains south-central Idaho and tectonic implications. Geological Society of America. Journal contribution. https://doi.org/10.1130/GES01418.S4,10.1130/GES01418.S4,U-Pb zircon ages of the Wildhorse gneiss Pioneer Mountains south-central Idaho and tectonic implications,10.1130/GES01418.1,CC BY-NC 4.0
62,12996212,Supplemental Material: Identification of Jurassic mafic arc magmatism in the eastern North China Craton: Geochemical evidence for westward subduction of the Paleo-Pacific slab,Fang Wei; Dai Li-Qun; al. et (2020): Supplemental Material: Identification of Jurassic mafic arc magmatism in the eastern North China Craton: Geochemical evidence for westward subduction of the Paleo-Pacific slab. Geological Society of America. Journal contribution. https://doi.org/10.1130/GSAB.S.12996212.v1,10.1130/GSAB.S.12996212.v1,Identification of Jurassic mafic arc magmatism in the eastern North China Craton: Geochemical evidence for westward subduction of the Paleo-Pacific slab,10.1130/B35787.1,CC BY-NC 4.0
63,6826838,UPb zircon geochemical and SrNdHf isotopic data for late Mesozoic volcanic rocks along the Tan Lu fault zone of Shandong Province eastern China: constraints on magma genesis and lithospheric thinning,U–Pb zircon geochemical and Sr–Nd–Hf isotopic data for late Mesozoic volcanic rocks along the Tan–Lu fault zone of Shandong Province eastern China: constraints on magma genesis and lithospheric thinning. Taylor & Francis. Cao Guang-Yue; Xue Huai-Min; Liu Zhe; Lu Zeng-Long.,10.6084/m9.figshare.6826838.v1,U–Pb zircon geochemical and Sr–Nd–Hf isotopic data for late Mesozoic volcanic rocks along the Tan–Lu fault zone of Shandong Province eastern China: constraints on magma genesis and lithospheric thinning,10.1080/00206814.2018.1487340,CC BY 4.0
64,12507449,Supplemental Material: Himalayan Miocene adakitic rocks a case study of the Mayum pluton: Insights into geodynamic processes within the subducted Indian continental lithosphere and Himalayan mid-Miocene tectonic regime transition,Lin Chao; Zhang Jinjiang; al. et (2020): Supplemental Material: Himalayan Miocene adakitic rocks a case study of the Mayum pluton: Insights into geodynamic processes within the subducted Indian continental lithosphere and Himalayan mid-Miocene tectonic regime transition. Geological Society of America. Journal contribution. https://doi.org/10.1130/GSAB.S.12507449.v1,10.1130/GSAB.S.12507449.v1,Himalayan Miocene adakitic rocks a case study of the Mayum pluton: Insights into geodynamic processes within the subducted Indian continental lithosphere and Himalayan mid-Miocene tectonic regime transition,10.1130/B35640.1,CC BY-NC 4.0
65,9901064,Table S1 and Table S2,Huang Zongying; Yuan Chao; Long Xiaoping; Zhang Yunying; Du Long (2019): Table S1 and Table S2. figshare. Dataset. https://doi.org/10.6084/m9.figshare.9901064.v1,10.6084/m9.figshare.9901064.v1,,,CC0
66,11603271,Detrital zircon U-Pb geochronology and Lu-Hf isotopes of the Neoproterozoic Penglai Group and their comparisons with coevally sedimentary strata of the southeastern NCC: Provenance tectonic affinity and implications,Liu Jianhui; Ding Zhengjiang; Wang Xiangjian; Chen Hui; Liu Fulai (2020): Detrital zircon U–Pb geochronology and Lu–Hf isotopes of the Neoproterozoic Penglai Group and their comparisons with coevally sedimentary strata of the southeastern NCC: Provenance tectonic affinity and implications. Geological Society of London. Dataset. https://doi.org/10.6084/m9.figshare.11603271.v1,10.6084/m9.figshare.11603271.v1,,,CC BY 4.0
68,13530668,Supplemental Material: Recalibrating Rodinian rifting in the northwestern United States,Brennan Daniel; al. et (2021): Supplemental Material: Recalibrating Rodinian rifting in the northwestern United States. Geological Society of America. Journal contribution. https://doi.org/10.1130/GEOL.S.13530668.v2,10.1130/GEOL.S.13530668.v2,Recalibrating Rodinian rifting in the northwestern United States,10.1130/G48435.1,CC BY-NC 4.0
68,13530668,Supplemental Material: Recalibrating Rodinian rifting in the northwestern United States,Brennan Daniel; al. et (2021): Supplemental Material: Recalibrating Rodinian rifting in the northwestern United States. Geological Society of America. Journal contribution. https://doi.org/10.1130/GEOL.S.13530668.v2,10.1130/GEOL.S.13530668.v3,Recalibrating Rodinian rifting in the northwestern United States,10.1130/G48435.1,CC BY-NC 4.0
70,5307100,Petrogenesis of an early Eocene gabbro-granite complex in Kachang (SW Yunnan) and its implications for Eocene magmatism in the Tengchong terrane of SW China,Petrogenesis of an early Eocene gabbro–granite complex in Kachang (SW Yunnan) and its implications for Eocene magmatism in the Tengchong terrane of SW China. Taylor & Francis. Yang Xingchen; Ye Peisheng; Ye Mengni; Wang Zhen; Luzhou Yangfan; Na Fuchao; et al..,10.6084/m9.figshare.5307100.v1,Petrogenesis of an early Eocene gabbro–granite complex in Kachang (SW Yunnan) and its implications for Eocene magmatism in the Tengchong terrane of SW China,10.1080/00206814.2017.1353446,CC BY 4.0
71,13393247,Supplemental Material: Mesozoic crustal melting and metamorphism in the U.S. Cordilleran hinterland: Insights from the Sawtooth metamorphic complex central Idaho,Ma Chong; al. et (2020): Supplemental Material: Mesozoic crustal melting and metamorphism in the U.S. Cordilleran hinterland: Insights from the Sawtooth metamorphic complex central Idaho. Geological Society of America. Journal contribution. https://doi.org/10.1130/GSAB.S.13393247.v1,10.1130/GSAB.S.13393247.v1,Mesozoic crustal melting and metamorphism in the U.S. Cordilleran hinterland: Insights from the Sawtooth metamorphic complex central Idaho,10.1130/B35837.1,CC BY-NC 4.0
72,1295494,Late Permian-Triassic siliciclastic provenance palaeogeography and crustal growth of the Songpan terrane eastern Tibetan Plateau: evidence from U-Pb ages trace elements and Hf isotopes of detrital zircons,Late Permian–Triassic siliciclastic provenance palaeogeography and crustal growth of the Songpan terrane eastern Tibetan Plateau: evidence from U–Pb ages trace elements and Hf isotopes of detrital zircons. Taylor & Francis. Zhang Yu-Xiu; Zeng Lu; Li Zhi-Wu; Wang Cheng-Shan; Zhang Kai-Jun; Yang Wen-Guang; et al..,10.6084/m9.figshare.1295494.v2,Late Permian–Triassic siliciclastic provenance palaeogeography and crustal growth of the Songpan terrane eastern Tibetan Plateau: evidence from U–Pb ages trace elements and Hf isotopes of detrital zircons,10.1080/00206814.2014.999356,CC BY 4.0
73,7964345,Origin of Late Permian amphibole syenite from the Panxi area SW China: high degree fractional crystallization of basaltic magma in the inner zone of the Emeishan mantle plume,Origin of Late Permian amphibole syenite from the Panxi area SW China: high degree fractional crystallization of basaltic magma in the inner zone of the Emeishan mantle plume. Taylor & Francis. Zhang Zezhong; Qin Jiangfeng; Lai Shaocong; Long Xiaoping; Ju Yinjuan; wang Xingying; et al..,10.6084/m9.figshare.7964345.v1,Origin of Late Permian amphibole syenite from the Panxi area SW China: high degree fractional crystallization of basaltic magma in the inner zone of the Emeishan mantle plume,10.1080/00206814.2019.1596844,CC BY 4.0
75,12670091,Supplemental Material: Forearc magmatic evolution during subduction initiation: Insights from an Early Cretaceous Tibetan ophiolite and comparison with the Izu-Bonin-Mariana forearc,Dai Jin-Gen; al. et (2020): Supplemental Material: Forearc magmatic evolution during subduction initiation: Insights from an Early Cretaceous Tibetan ophiolite and comparison with the Izu-Bonin-Mariana forearc. Geological Society of America. Journal contribution. https://doi.org/10.1130/GSAB.S.12670091.v2,10.1130/GSAB.S.12670091.v2,Forearc magmatic evolution during subduction initiation: Insights from an Early Cretaceous Tibetan ophiolite and comparison with the Izu-Bonin-Mariana forearc,10.1130/B35644.1,CC BY-NC 4.0
76,13655543,Geochemical and isotopic data for the Longladuo mafic intrusions in the western Indus Tsangpo suture zone southwest Tibet,Liu Qiang (2021): Geochemical and isotopic data for the Longladuo mafic intrusions in the western Indus–Tsangpo suture zone southwest Tibet. figshare. Dataset. https://doi.org/10.6084/m9.figshare.13655543.v1,10.6084/m9.figshare.13655543.v1,,,CC BY 4.0
82,4047765,The source and tectonic implications of late Carboniferous-early Permian A-type granites and dikes from the eastern Alataw Mountains Xinjiang: geochemical and Sr-Nd-Hf isotopic constraints,The source and tectonic implications of late Carboniferous–early Permian A-type granites and dikes from the eastern Alataw Mountains Xinjiang: geochemical and Sr–Nd–Hf isotopic constraints. Taylor & Francis. Yin Jiyuan; Chen Wen; Xiao Wenjiao; Yuan Chao; Yu Shun; Sun Jingbo; et al..,10.6084/m9.figshare.4047765.v1,The source and tectonic implications of late Carboniferous–early Permian A-type granites and dikes from the eastern Alataw Mountains Xinjiang: geochemical and Sr–Nd–Hf isotopic constraints,10.1080/00206814.2016.1245161,CC BY 4.0
83,13134728,Contrasting latest Permian intracontinental gabbro and Late Triassic arc gabbro-diorite in the Gangdese constrain the subduction initiation of the Neo-Tethys,Contrasting latest Permian intracontinental gabbro and Late Triassic arc gabbro–diorite in the Gangdese constrain the subduction initiation of the Neo-Tethys. Taylor & Francis. Li Qiu-Huan; Zhang Kai-Jun; Yan Li-Long; Jin Xin.,10.6084/m9.figshare.13134728.v1,Contrasting latest Permian intracontinental gabbro and Late Triassic arc gabbro–diorite in the Gangdese constrain the subduction initiation of the Neo-Tethys,10.1080/00206814.2020.1836682,CC BY 4.0
84,8425775,U-Pb-Hf isotopic data from detrital zircons in late Carboniferous and Mid-Late Triassic sandstones and also Carboniferous granites from the Tauride and Anatolide continental units in S Turkey: implications for Tethyan palaeogeography,U-Pb-Hf isotopic data from detrital zircons in late Carboniferous and Mid-Late Triassic sandstones and also Carboniferous granites from the Tauride and Anatolide continental units in S Turkey: implications for Tethyan palaeogeography. Taylor & Francis. Ustaomer Timur; Ustaömer Petek Ayda; Robertson Alastair H. F.; Gerdes Axel.,10.6084/m9.figshare.8425775.v1,U-Pb-Hf isotopic data from detrital zircons in late Carboniferous and Mid-Late Triassic sandstones and also Carboniferous granites from the Tauride and Anatolide continental units in S Turkey: implications for Tethyan palaeogeography,10.1080/00206814.2019.1636415,CC BY 4.0
86,4834025,Late Mesozoic high-K calc-alkaline magmatism in Southeast China: the Tongling example,Late Mesozoic high-K calc-alkaline magmatism in Southeast China: the Tongling example. Taylor & Francis. Wu Cailai; Dong Shuwen; Wu Di; Zhang Xin; Ernst W. G..,10.6084/m9.figshare.4834025.v1,Late Mesozoic high-K calc-alkaline magmatism in Southeast China: the Tongling example,10.1080/00206814.2017.1313137,CC BY 4.0
96,12245861,Supplemental Material: Transition from the lithospheric to asthenospheric mantle-derived magmatism in the Early Jurassic along eastern Bangong Nujiang Suture Tibet: Evidence for continental arc extension induced by slab rollback,Xu Wangchun; al. et (2020): Supplemental Material: Transition from the lithospheric to asthenospheric mantle-derived magmatism in the Early Jurassic along eastern Bangong–Nujiang Suture Tibet: Evidence for continental arc extension induced by slab rollback. Geological Society of America. Journal contribution. https://doi.org/10.1130/GSAB.S.12245861.v2,10.1130/GSAB.S.12245861.v2,Transition from the lithospheric to asthenospheric mantle-derived magmatism in the Early Jurassic along eastern Bangong–Nujiang Suture Tibet: Evidence for continental arc extension induced by slab rollback,10.1130/B35554.1,CC BY-NC 4.0
97,3453512,Detrital zircon U-Pb-Hf systematics of Israeli coastal sands: new perspectives on the provenance of Nile sediments,Be’eri-Shlevin Y.; Avigad D.; Gerdes A.; Zlatkin O. (2016): Detrital zircon U–Pb–Hf systematics of Israeli coastal sands: new perspectives on the provenance of Nile sediments. Geological Society of London. Dataset. https://doi.org/10.6084/m9.figshare.3453512.v1,10.6084/m9.figshare.3453512.v1,Detrital zircon U–Pb–Hf systematics of Israeli coastal sands: new perspectives on the provenance of Nile sediments,10.1144/jgs2012-151,CC BY 4.0
100,3454589,Granitic magmatism by melting of juvenile continental crust: new constraints on the source of Palaeoproterozoic granitoids in Fennoscandia from Hf isotopes in zircon,"Andersen Tom; Andersson Ulf Bertil; Graham Stuart; Åberg Göran; Simonsen Siri L. (2016): Granitic magmatism by melting of juvenile continental crust: new constraints on the source of Palaeoproterozoic granitoids
                  in Fennoscandia from Hf isotopes in zircon. Geological Society of London. Dataset. https://doi.org/10.6084/m9.figshare.3454589.v1",10.6084/m9.figshare.3454589.v1,"Granitic magmatism by melting of juvenile continental crust: new constraints on the source of Palaeoproterozoic granitoids
                  in Fennoscandia from Hf isotopes in zircon",10.1144/0016-76492007-166,CC BY 4.0
101,12449579,Provenance record of late Mesoproterozoic to early Neoproterozoic units west Hainan South China and implications for Rodinia reconstruction,Zhang Limin; Cawood Peter A.; Wang Yuejun; Cui Xiang; Zhang Yuzhi; Qian Xin; et al. (2020): Provenance record of late Mesoproterozoic to early Neoproterozoic units west Hainan South China and implications for Rodinia reconstruction. figshare. Dataset. https://doi.org/10.6084/m9.figshare.12449579.v1,10.6084/m9.figshare.12449579.v1,,,CC BY 4.0
106,7599125,Late Permian-Triassic granitic rocks of Vietnam: the Muong Lat example,Late Permian-Triassic granitic rocks of Vietnam: the Muong Lat example. Taylor & Francis. Van Thanh Tran; Hieu Pham Trung; Minh Pham; Van Nhuan Do; Thuy Nguyen Thi Bich.,10.6084/m9.figshare.7599125.v2,Late Permian-Triassic granitic rocks of Vietnam: the Muong Lat example,10.1080/00206814.2018.1561335,CC BY 4.0
107,7776812,Jurassic granitic magmatism in the lesser Xing an-Zhangguangcai ranges of NE China: the Dong an example,Jurassic granitic magmatism in the lesser Xing’an-Zhangguangcai ranges of NE China: the Dong’an example. Taylor & Francis. Han Ji-Long; Sun Jing-Gui; Liu Yang; Ren Liang; Wang Chang-Sheng; Zhang Xiao-Tian; et al..,10.6084/m9.figshare.7776812.v1,Jurassic granitic magmatism in the lesser Xing’an-Zhangguangcai ranges of NE China: the Dong’an example,10.1080/00206814.2019.1581998,CC BY 4.0
108,7166012,Geochemistry of Early Cretaceous volcanic rocks in the Northeastern Great Xing an Range northeast China and implication for geodynamic setting,Geochemistry of Early Cretaceous volcanic rocks in the Northeastern Great Xing’an Range northeast China and implication for geodynamic setting. Taylor & Francis. Deng Changzhou; Sun Deyou; Ping Xianquan; Huang Hu; Zhang Lidong; Lu Sheng.,10.6084/m9.figshare.7166012.v1,Geochemistry of Early Cretaceous volcanic rocks in the Northeastern Great Xing’an Range northeast China and implication for geodynamic setting,10.1080/00206814.2018.1528481,CC BY 4.0
112,13499378,Geochronology geochemistry and zircon Hf isotope constraints on petrogenesis and tectonic setting of Early Permian volcanic rocks from Sonid Youqi area Solonker Zone,Geochronology geochemistry and zircon Hf isotope constraints on petrogenesis and tectonic setting of Early Permian volcanic rocks from Sonid Youqi area Solonker Zone. Taylor & Francis. Tang Jianzhou; Zhang Zhicheng; Liu Bo; Wang Qi; Ding Cong.,10.6084/m9.figshare.13499378.v1,Geochronology geochemistry and zircon Hf isotope constraints on petrogenesis and tectonic setting of Early Permian volcanic rocks from Sonid Youqi area Solonker Zone,10.1080/00206814.2020.1852448,CC BY 4.0
113,3453110,Crustal evolution of the South Mayo Trough western Ireland based on U-Pb ages and Hf-O isotopes in detrital zircons,Yin Q.-Z.; Wimpenny J.; Tollstrup D. L.; Mange M.; Dewey J. F.; Zhou Q.; et al. (2016): Crustal evolution of the South Mayo Trough western Ireland based on U–Pb ages and Hf–O isotopes in detrital zircons. Geological Society of London. Dataset. https://doi.org/10.6084/m9.figshare.3453110.v1,10.6084/m9.figshare.3453110.v1,Crustal evolution of the South Mayo Trough western Ireland based on U–Pb ages and Hf–O isotopes in detrital zircons,10.1144/jgs2011-164,CC BY 4.0
114,4829233,Table S2. Unravelling an allochthonous subaqueously deposited volcanic-epiclastic to subaerial andesitic lava assemblage in Hong Kong: age stratigraphy and provenance studies of the Middle Jurassic Tuen Mun Formation,Sewell R. J.; So K. W. F.; Tang D. L. K.; Carter A. (2017): Table S2. Unravelling an allochthonous subaqueously deposited volcanic–epiclastic to subaerial andesitic lava assemblage in Hong Kong: age stratigraphy and provenance studies of the Middle Jurassic Tuen Mun Formation. Geological Society of London. Dataset. https://doi.org/10.6084/m9.figshare.4829233.v1,10.6084/m9.figshare.4829233.v1,,,CC BY 4.0
115,6087020,Petrology and crustal inheritance of the Cloudy Bay Volcanics as derived from a fluvial conglomerate Papuan Peninsula (Papua New Guinea): An example of geological inquiry in the absence of in situ outcrop,Petrology and crustal inheritance of the Cloudy Bay Volcanics as derived from a fluvial conglomerate Papuan Peninsula (Papua New Guinea): An example of geological inquiry in the absence of <i>in situ</i> outcrop. Taylor & Francis. Holm Robert J.; Poke Benny.,10.6084/m9.figshare.6087020.v1,Petrology and crustal inheritance of the Cloudy Bay Volcanics as derived from a fluvial conglomerate Papuan Peninsula (Papua New Guinea): An example of geological inquiry in the absence of <i>in situ</i> outcrop,10.1080/23312041.2018.1450198,CC BY 4.0
116,7750853,Late Ordovician to early Silurian calc-alkaline magmatism in the Xiemisitai Mountains northern West Junggar: a response to the subduction of the Junggar-Balkhash Ocean,Late Ordovician to early Silurian calc-alkaline magmatism in the Xiemisitai Mountains northern West Junggar: a response to the subduction of the Junggar-Balkhash Ocean. Taylor & Francis. Chen Jia-Fu; Ma Xu; Simon Abijah; Du Hou-Yuan; Han Bao-Fu; Liu Jun-Lai; et al..,10.6084/m9.figshare.7750853.v1,Late Ordovician to early Silurian calc-alkaline magmatism in the Xiemisitai Mountains northern West Junggar: a response to the subduction of the Junggar-Balkhash Ocean,10.1080/00206814.2019.1576148,CC BY 4.0
117,13490597,Paleoproterozoic to Cenozoic zircon U-Pb ages with Hf signatures from metamorphic rocks and granodiorite of Tokunoshima: constraints on the geotectonic subdivision of the Ryukyu island arc Southwest Japan,Paleoproterozoic to Cenozoic zircon U–Pb ages with Hf signatures from metamorphic rocks and granodiorite of Tokunoshima: constraints on the geotectonic subdivision of the Ryukyu island arc Southwest Japan. Taylor & Francis. Yamamoto Hiroshi; Okamoto Kazuaki; Chung Sun-Lin; Lee Hao-Yang; Mita Yuji; Ueda Shuro; et al..,10.6084/m9.figshare.13490597.v1,Paleoproterozoic to Cenozoic zircon U–Pb ages with Hf signatures from metamorphic rocks and granodiorite of Tokunoshima: constraints on the geotectonic subdivision of the Ryukyu island arc Southwest Japan,10.1080/00206814.2020.1858356,CC BY 4.0
119,9981410,Zircon U-Pb geochronology and geochemistry of Late Devonian-Carboniferous granitoids in NW Iran: implications for the opening of Paleo-Tethys,Zircon U-Pb geochronology and geochemistry of Late Devonian–Carboniferous granitoids in NW Iran: implications for the opening of Paleo-Tethys. Taylor & Francis. Mohammadi Ali; Moazzen Mohssen; Lechmann Anna; Laurent Oscar.,10.6084/m9.figshare.9981410.v1,Zircon U-Pb geochronology and geochemistry of Late Devonian–Carboniferous granitoids in NW Iran: implications for the opening of Paleo-Tethys,10.1080/00206814.2019.1675540,CC BY 4.0
122,10072379,Petrogenesis of post-collisional magmatism at the Carboniferous-Permian boundary in central Inner Mongolia NE China: insights into when the Hegenshan Ocean closed?,Petrogenesis of post-collisional magmatism at the Carboniferous–Permian boundary in central Inner Mongolia NE China: insights into when the Hegenshan Ocean closed?. Taylor & Francis. Lu Lu; Qin Yong; Zhang Kai-Jun; Han Chun-Yuan; Li Zhuang-Fu; Wei Tao; et al..,10.6084/m9.figshare.10072379.v1,Petrogenesis of post-collisional magmatism at the Carboniferous–Permian boundary in central Inner Mongolia NE China: insights into when the Hegenshan Ocean closed?,10.1080/00206814.2019.1683767,CC BY 4.0
124,12542927,Supplemental Material: Petrological geochronological and geochemical potential accounting for continental subduction and exhumation: A case study of felsic granulites from South Altyn Tagh northwestern China,Li Y.; al. et (2020): Supplemental Material: Petrological geochronological and geochemical potential accounting for continental subduction and exhumation: A case study of felsic granulites from South Altyn Tagh northwestern China. Geological Society of America. Journal contribution. https://doi.org/10.1130/2020188,10.1130/2020188,Petrological geochronological and geochemical potential accounting for continental subduction and exhumation: A case study of felsic granulites from South Altyn Tagh northwestern China,10.1130/B35459.1,CC BY-NC 4.0
125,12501830,Supplemental Material: Internal versus external locations of the South China Craton within Rodinia during the Cryogenian: Provenance history of the Nanhua Basin,Zhu Guangyou; Liu Huichuan (2020): Supplemental Material: Internal versus external locations of the South China Craton within Rodinia during the Cryogenian: Provenance history of the Nanhua Basin. Geological Society of America. Journal contribution. https://doi.org/10.1130/GSAB.S.12501830,10.1130/GSAB.S.12501830,Internal versus external locations of the South China Craton within Rodinia during the Cryogenian: Provenance history of the Nanhua Basin,10.1130/B35619.1,CC BY-NC 4.0
126,12678926,Supplemental Material: Rapid eruption of silicic magmas from the Parana magmatic province (Brazil) did not trigger the Valanginian event,Rocha B.C.; al. et (2020): Supplemental Material: Rapid eruption of silicic magmas from the Paraná magmatic province (Brazil) did not trigger the Valanginian event. Geological Society of America. Journal contribution. https://doi.org/10.1130/GEOL.S.12678926.v1,10.1130/GEOL.S.12678926.v1,Rapid eruption of silicic magmas from the Paraná magmatic province (Brazil) did not trigger the Valanginian event,10.1130/G47766.1,CC BY 4.0
128,7834790,Detrital zircon ages and Hf isotopic compositions of metasedimentary rocks in the Wuqia area of Southwest Tianshan NW China: implications for the early Paleozoic tectonic evolution of the Tianshan orogenic belt,Detrital zircon ages and Hf isotopic compositions of metasedimentary rocks in the Wuqia area of Southwest Tianshan NW China: implications for the early Paleozoic tectonic evolution of the Tianshan orogenic belt. Taylor & Francis. Huo Hailong; Chen Zhengle; Zhang Qing; Han Fengbin; Zhang Wengao.,10.6084/m9.figshare.7834790.v1,Detrital zircon ages and Hf isotopic compositions of metasedimentary rocks in the Wuqia area of Southwest Tianshan NW China: implications for the early Paleozoic tectonic evolution of the Tianshan orogenic belt,10.1080/00206814.2019.1579055,CC BY 4.0
129,2807758,Petrogenesis of early Silurian intrusions in the Sanchakou area of Eastern Tianshan Northwest China and tectonic implications: geochronological geochemical and Hf isotopic evidence,Petrogenesis of early Silurian intrusions in the Sanchakou area of Eastern Tianshan Northwest China and tectonic implications: geochronological geochemical and Hf isotopic evidence. Taylor & Francis. Wang Yin-Hong; Zhang Fang-Fang.,10.6084/m9.figshare.2807758,Petrogenesis of early Silurian intrusions in the Sanchakou area of Eastern Tianshan Northwest China and tectonic implications: geochronological geochemical and Hf isotopic evidence,10.1080/00206814.2016.1152516,CC BY 4.0
131,3454355,Provenance of late Palaeozoic metasediments of the SW South American Gondwana margin: a combined U-Pb and Hf-isotope study of single detrital zircons,"AUGUSTSSON CARITA; MÜNKER CARSTEN; BAHLBURG HEINRICH; FANNING C.MARK (2016): Provenance of late Palaeozoic metasediments of the SW South American Gondwana margin: a combined U–Pb and Hf-isotope study
                  of single detrital zircons. Geological Society of London. Dataset. https://doi.org/10.6084/m9.figshare.3454355.v1",10.6084/m9.figshare.3454355.v1,"Provenance of late Palaeozoic metasediments of the SW South American Gondwana margin: a combined U–Pb and Hf-isotope study
                  of single detrital zircons",10.1144/0016-76492005-149,CC BY 4.0
134,7094243,U-Pb detrital zircon geochronology and Hf isotopic composition of Permian clastic rocks Zhen an basin South Qinling belt: implications for the Paleozoic tectonic evolution of the Qinling orogenic belt,U–Pb detrital zircon geochronology and Hf isotopic composition of Permian clastic rocks Zhen’an basin South Qinling belt: implications for the Paleozoic tectonic evolution of the Qinling orogenic belt. Taylor & Francis. Cheng Cheng; Li Shuangying; Xie Xiangyang; Manger Walter L.; Busbey Arthur B..,10.6084/m9.figshare.7094243.v1,U–Pb detrital zircon geochronology and Hf isotopic composition of Permian clastic rocks Zhen’an basin South Qinling belt: implications for the Paleozoic tectonic evolution of the Qinling orogenic belt,10.1080/00206814.2018.1517393,CC BY 4.0
136,3153838,Ordovician volcano-sedimentary iron deposits of the Eastern Tianshan area Northwest China: the Tianhu example,Ordovician volcano–sedimentary iron deposits of the Eastern Tianshan area Northwest China: the Tianhu example. Taylor & Francis. Wu Chang-Zhi; Lei Ru-Xiong; Santosh M.; Chi Guo-Xiang; Gu Lian-Xing; Xie Si-Wen.,10.6084/m9.figshare.3153838,Ordovician volcano–sedimentary iron deposits of the Eastern Tianshan area Northwest China: the Tianhu example,10.1080/00206814.2016.1163516,CC BY 4.0
137,5687866,The origin of variable 18O zircons in Jurassic and Cretaceous Mo-bearing granitoids in the eastern Xing Meng Orogenic Belt Northeast China,The origin of variable-δ<sup>18</sup>O zircons in Jurassic and Cretaceous Mo-bearing granitoids in the eastern Xing–Meng Orogenic Belt Northeast China. Taylor & Francis. Hou Xue-Gang; Sun De-You; Gou Jun; Yang Dong-Guang.,10.6084/m9.figshare.5687866.v1,The origin of variable-δ<sup>18</sup>O zircons in Jurassic and Cretaceous Mo-bearing granitoids in the eastern Xing–Meng Orogenic Belt Northeast China,10.1080/00206814.2017.1411840,CC BY 4.0
138,3454526,Provenance of Lower Cretaceous sediments in the Wandel Sea Basin North Greenland,RØhr T.S.; Andersen T.; Dypvik H. (2016): Provenance of Lower Cretaceous sediments in the Wandel Sea Basin North Greenland. Geological Society of London. Dataset. https://doi.org/10.6084/m9.figshare.3454526.v1,10.6084/m9.figshare.3454526.v1,Provenance of Lower Cretaceous sediments in the Wandel Sea Basin North Greenland,10.1144/0016-76492007-102,CC BY 4.0
139,5766567,Petrogenesis and tectonic implications of Triassic A-type granites in southeastern China: insights from zircon U-Pb-Hf isotopic and whole-rock geochemical compositions of the Luoguyan and Guiyantou granites in northwestern Fujian Province,Petrogenesis and tectonic implications of Triassic A-type granites in southeastern China: insights from zircon U–Pb–Hf isotopic and whole-rock geochemical compositions of the Luoguyan and Guiyantou granites in northwestern Fujian Province. Taylor & Francis. Gao Wanli; Wang Zongxiu; Li Leilei; Tan Yuanlong.,10.6084/m9.figshare.5766567.v1,Petrogenesis and tectonic implications of Triassic A-type granites in southeastern China: insights from zircon U–Pb–Hf isotopic and whole-rock geochemical compositions of the Luoguyan and Guiyantou granites in northwestern Fujian Province,10.1080/00206814.2017.1422444,CC BY 4.0
140,12888539,Supplemental Material: High-precision geochronology requires that ultrafast mantle-derived magmatic fluxes built the transcrustal Bear Valley Intrusive Suite Sierra Nevada California USA,Klein Benjamin; al. et (2020): Supplemental Material: High-precision geochronology requires that ultrafast mantle-derived magmatic fluxes built the transcrustal Bear Valley Intrusive Suite Sierra Nevada California USA. Geological Society of America. Journal contribution. https://doi.org/10.1130/GEOL.S.12888539.v1,10.1130/GEOL.S.12888539.v1,High-precision geochronology requires that ultrafast mantle-derived magmatic fluxes built the transcrustal Bear Valley Intrusive Suite Sierra Nevada California USA,10.1130/G47952.1,CC BY-NC 4.0
142,5354035,Palaeoarchaean materials in the Tibetan Plateau indicated by zircon,Palaeoarchaean materials in the Tibetan Plateau indicated by zircon. Taylor & Francis. Sun Saijun; Ireland Trevor R; Zhang Lipeng; Zhang Rongqing; Zhang Chanchan; Sun Weidong.,10.6084/m9.figshare.5354035.v1,Palaeoarchaean materials in the Tibetan Plateau indicated by zircon,10.1080/00206814.2017.1367967,CC BY 4.0
146,2290369,Devonian magmatism in the accretionary complex of southern Chile.,Hervé F.; Calderon M.; Fanning C.M.; Pankhurst R.J.; Fuentes F.; Rapela C.W.; et al. (2016): Devonian magmatism in the accretionary complex of southern Chile.. Geological Society of London. Dataset. https://doi.org/10.6084/m9.figshare.2290369.v1,10.6084/m9.figshare.2290369.v1,,,CC BY 4.0
148,1414164,Provenance of detrital zircons in the Late Triassic Sichuan foreland basin: constraints on the evolution of the Qinling Orogen and Longmen Shan thrust-fold belt in central China,Provenance of detrital zircons in the Late Triassic Sichuan foreland basin: constraints on the evolution of the Qinling Orogen and Longmen Shan thrust-fold belt in central China. Taylor & Francis. Zhang Yong; Jia Dong; Shen Li; Yin Hongwei; Chen Zhuxin; Li Haibin; et al..,10.6084/m9.figshare.1414164.v3,Provenance of detrital zircons in the Late Triassic Sichuan foreland basin: constraints on the evolution of the Qinling Orogen and Longmen Shan thrust-fold belt in central China,10.1080/00206814.2015.1027967,CC BY 4.0
149,7791803,Geochronological and geochemical constraints on Late Cryogenian to Early Ediacaran magmatic rocks on the northern Tarim Craton: implications for tectonic setting and affinity with Gondwana,Geochronological and geochemical constraints on Late Cryogenian to Early Ediacaran magmatic rocks on the northern Tarim Craton: implications for tectonic setting and affinity with Gondwana. Taylor & Francis. Xiao Yang; Wu Guanghui; Vandyk Thomas Matthew; You Lingxia.,10.6084/m9.figshare.7791803.v1,Geochronological and geochemical constraints on Late Cryogenian to Early Ediacaran magmatic rocks on the northern Tarim Craton: implications for tectonic setting and affinity with Gondwana,10.1080/00206814.2019.1581847,CC BY 4.0
151,12854147,The evolution of the southern Namibian Karoo-aged basins: implications from detrital zircon geochronologic and geochemistry data,The evolution of the southern Namibian Karoo-aged basins: implications from detrital zircon geochronologic and geochemistry data. Taylor & Francis. Zieger J.; Stutzriemer M.; Hofmann M.; Gärtner A.; Gerdes A.; Marko L.; et al..,10.6084/m9.figshare.12854147.v1,The evolution of the southern Namibian Karoo-aged basins: implications from detrital zircon geochronologic and geochemistry data,10.1080/00206814.2020.1795732,CC BY 4.0
152,5829711,Cretaceous A-type volcanic-intrusive rocks and simultaneous mafic rocks along the Gan-Hang Tectonic Belt Southeast China: petrogenesis and implications for the transition of crust–mantle interaction,Cretaceous A-type volcanic–intrusive rocks and simultaneous mafic rocks along the Gan-Hang Tectonic Belt Southeast China: petrogenesis and implications for the transition of crust–mantle interaction. Taylor & Francis. Wang Hong-Zuo; Chen Pei-Rong; Wang Kai-Xing; Ling Hong-Fei; Wu Jun-Qi; Tang Jiang-Wei; et al..,10.6084/m9.figshare.5829711.v1,Cretaceous A-type volcanic–intrusive rocks and simultaneous mafic rocks along the Gan-Hang Tectonic Belt Southeast China: petrogenesis and implications for the transition of crust–mantle interaction,10.1080/00206814.2018.1428829,CC BY 4.0
157,9981419,Detrital zircon provenance and palaeogeographic implications of the Ediacaran Shigu Group in the Zhongza Terrane SW China,Detrital zircon provenance and palaeogeographic implications of the Ediacaran Shigu Group in the Zhongza Terrane SW China. Taylor & Francis. Su Bingrui; Cui Xiaozhuang; Tian Jingchun; Lai Chun Kit; Ren Fei; Ren Guangming; et al..,10.6084/m9.figshare.9981419.v1,Detrital zircon provenance and palaeogeographic implications of the Ediacaran Shigu Group in the Zhongza Terrane SW China,10.1080/00206814.2019.1678201,CC BY 4.0
158,5195593,MC-LA-ICP-MS zircon Hf isotope compositions. Stenian-Tonian arc magmatism in west-central Madagascar: the genesis of the Dabolava Suite,Archibald Donnelly B.; Collins Alan S.; Foden John D.; Payne Justin L.; Macey Paul H.; Holden Peter; et al. (2017): MC-LA-ICP-MS zircon Hf isotope compositions. Stenian–Tonian arc magmatism in west–central Madagascar: the genesis of the Dabolava Suite. Geological Society of London. Dataset. https://doi.org/10.6084/m9.figshare.5195593.v1,10.6084/m9.figshare.5195593.v1,,,CC BY 4.0
162,4959938,O and Hf isotope data. Zircon O- and Hf-isotope constraints on the genesis and tectonic significance of Permian magmatism in Patagonia,Castillo Paula; Fanning C. Mark; Pankhurst Robert J.; Hervé Francisco; Rapela Carlos W. (2017): O and Hf isotope data. Zircon O- and Hf-isotope constraints on the genesis and tectonic significance of Permian magmatism in Patagonia. Geological Society of London. Dataset. https://doi.org/10.6084/m9.figshare.4959938.v1,10.6084/m9.figshare.4959938.v1,,,CC BY 4.0
164,8034761,Hf isotopic results of detrital zircons from all samples. Detrital zircon record from major rivers of Luzon Island: Implications for Cenozoic continental growth in Southeast Asia,Tsai Chia-Hsin; Shyu J Bruce H; Chung Sun-Lin; Ramos Noelynna T.; Lee Hao-Yang (2019): Hf isotopic results of detrital zircons from all samples. Detrital zircon record from major rivers of Luzon Island: Implications for Cenozoic continental growth in Southeast Asia. Geological Society of London. Dataset. https://doi.org/10.6084/m9.figshare.8034761.v1,10.6084/m9.figshare.8034761.v1,,,CC BY 4.0
165,12274991,Supplemental Material: Provenance and tectonic setting of late Paleozoic sedimentary rocks from the Alxa Tectonic Belt (NW China): Implications for accretionary tectonics of the southern Central Asian Orogenic Belt,Song Dongfang (2020): Supplemental Material: Provenance and tectonic setting of late Paleozoic sedimentary rocks from the Alxa Tectonic Belt (NW China): Implications for accretionary tectonics of the southern Central Asian Orogenic Belt. Geological Society of America. Journal contribution. https://doi.org/10.1130/GSAB.S.12274991.v1,10.1130/GSAB.S.12274991.v1,Provenance and tectonic setting of late Paleozoic sedimentary rocks from the Alxa Tectonic Belt (NW China): Implications for accretionary tectonics of the southern Central Asian Orogenic Belt,10.1130/B35652.1,CC BY-NC 4.0
166,4565293,Early cretaceous ophiolites of the Yarlung Zangbo Suture Zone: insights from dolerites and peridotites from the Baer upper mantle suite SW Tibet (China),Early cretaceous ophiolites of the Yarlung Zangbo Suture Zone: insights from dolerites and peridotites from the Baer upper mantle suite SW Tibet (China). Taylor & Francis. Zheng Hao; Huang Qiang-tai; Kapsiotis Argyrios; Xia Bin; Yin Zheng-xin; Zhong Yun; et al..,10.6084/m9.figshare.4565293.v1,Early cretaceous ophiolites of the Yarlung Zangbo Suture Zone: insights from dolerites and peridotites from the Baer upper mantle suite SW Tibet (China),10.1080/00206814.2016.1276867,CC BY 4.0
167,12190881,Supplemental Material: Identification of a new source for the Triassic Langjiexue Group: Evidence from a gabbro-diorite complex in the Gangdese magmatic belt and zircon microstructures from sandstones in the Tethyan Himalaya southern Tibet,Ma Xuxuan; Xu Zhiqin; Zhao Zhongbao; Yi Zhiyu (2020): Supplemental Material: Identification of a new source for the Triassic Langjiexue Group: Evidence from a gabbro-diorite complex in the Gangdese magmatic belt and zircon microstructures from sandstones in the Tethyan Himalaya southern Tibet. Geological Society of America. Journal contribution. https://doi.org/10.1130/GES02154.S1,10.1130/GES02154.S1,Identification of a new source for the Triassic Langjiexue Group: Evidence from a gabbro-diorite complex in the Gangdese magmatic belt and zircon microstructures from sandstones in the Tethyan Himalaya southern Tibet,10.1130/GES02154.1,CC BY-NC 4.0
169,12408554,Data_ Origin of hydrous magma_Baishiquan and Tianyu,Tang Dongmei (2020): Data_ Origin of hydrous magma_Baishiquan and Tianyu. figshare. Dataset. https://doi.org/10.6084/m9.figshare.12408554.v2,10.6084/m9.figshare.12408554.v2,,,CC BY 4.0
170,12268520,Supplemental Material: Ordo-Silurian assemblage in the Indochina interior: Geochronological elemental and Sr-Nd-Pb-Hf-O isotopic constraints of early Paleozoic granitoids in South Laos,Wang Yuejun (2020): Supplemental Material: Ordo-Silurian assemblage in the Indochina interior: Geochronological elemental and Sr-Nd-Pb-Hf-O isotopic constraints of early Paleozoic granitoids in South Laos. Geological Society of America. Journal contribution. https://doi.org/10.1130/GSAB.S.12268520,10.1130/GSAB.S.12268520,Ordo-Silurian assemblage in the Indochina interior: Geochronological elemental and Sr-Nd-Pb-Hf-O isotopic constraints of early Paleozoic granitoids in South Laos,10.1130/B35605.1,CC BY-NC 4.0
173,1468403,Age nature and origin of Ordovician Zhibenshan granite from the Baoshan terrane in the Sanjiang region and its significance for understanding Proto-Tethys evolution,Age nature and origin of Ordovician Zhibenshan granite from the Baoshan terrane in the Sanjiang region and its significance for understanding Proto-Tethys evolution. Taylor & Francis. Wang Changming; Deng Jun; Lu Yongjun; Bagas Leon; Kemp A.I.S.; Campbell McCuaig T..,10.6084/m9.figshare.1468403.v2,Age nature and origin of Ordovician Zhibenshan granite from the Baoshan terrane in the Sanjiang region and its significance for understanding Proto-Tethys evolution,10.1080/00206814.2015.1043358,CC BY 4.0
174,3453677,A Timanian foreland basin setting for the late Neoproterozoic-Early Palaeozoic cover sequences (Dividal Group) of northeasternBaltica,"Andresen Arild; Agyei-Dwarko Nana Yaw; Kristoffersen Magnus; Hanken Nils-Martin (2016): A Timanian foreland basin setting for the late Neoproterozoic–Early Palaeozoic cover sequences (Dividal Group) of northeastern
                  Baltica. Geological Society of London. Dataset. https://doi.org/10.6084/m9.figshare.3453677.v1",10.6084/m9.figshare.3453677.v1,"A Timanian foreland basin setting for the late Neoproterozoic–Early Palaeozoic cover sequences (Dividal Group) of northeastern
                  Baltica",10.1144/SP390.29,CC BY 4.0
175,5798844,Geochemistry zircon U-Pb geochronology and Hf isotopes of Jurassic-Cretaceous granites in the Tengchong terrane SW China: implications for the Mesozoic tectono-magmatic evolution of the Eastern Tethyan Tectonic Domain,Geochemistry zircon U–Pb geochronology and Hf isotopes of Jurassic-Cretaceous granites in the Tengchong terrane SW China: implications for the Mesozoic tectono-magmatic evolution of the Eastern Tethyan Tectonic Domain. Taylor & Francis. Cao Hua-Wen; Zhang Yun-Hui; Tang Li; Hollis Steven P.; Zhang Shou-Ting; Pei Qiu-Ming; et al..,10.6084/m9.figshare.5798844.v1,Geochemistry zircon U–Pb geochronology and Hf isotopes of Jurassic-Cretaceous granites in the Tengchong terrane SW China: implications for the Mesozoic tectono-magmatic evolution of the Eastern Tethyan Tectonic Domain,10.1080/00206814.2017.1422445,CC BY 4.0
177,3452852,Hafnium isotope record of the Ancient Gneiss Complex Swaziland southern Africa: evidence for Archaean crust-mantle formation and crust reworking between 3.66 and 2.73 Ga,"Zeh Armin; Gerdes Axel; Millonig Leo (2016): Hafnium isotope record of the Ancient Gneiss Complex Swaziland southern Africa: evidence for Archaean crust–mantle formation
                  and crust reworking between 3.66 and 2.73 Ga. Geological Society of London. Dataset. https://doi.org/10.6084/m9.figshare.3452852",10.6084/m9.figshare.3452852,"Hafnium isotope record of the Ancient Gneiss Complex Swaziland southern Africa: evidence for Archaean crust–mantle formation
                  and crust reworking between 3.66 and 2.73 Ga",10.1144/0016-76492010-117,CC BY 4.0
179,7957676,Table S3. Middle Paleozoic ridge subduction in Central Beishan of southern Altaids: Evidence from geochemical Sr-Nd and zircon U-Pb-Hf-O isotopic data of Gongpoquan volcanic rocks,Zheng Rongguo; Li Jinyi; Xiao Wenjiao (2019): Table S3. Middle Paleozoic ridge subduction in Central Beishan of southern Altaids: Evidence from geochemical Sr–Nd and zircon U–Pb–Hf–O isotopic data of Gongpoquan volcanic rocks. Geological Society of London. Journal contribution. https://doi.org/10.6084/m9.figshare.7957676.v1,10.6084/m9.figshare.7957676.v1,,,CC BY 4.0
181,7895495,Supporting information.docx,Wang Xinsong (2019): Supporting information.docx. figshare. Journal contribution. https://doi.org/10.6084/m9.figshare.7895495.v1,10.6084/m9.figshare.7895495.v1,,,CC BY 4.0
183,3453551,Tectonomagmatic evolution of the Early Ordovician suprasubduction-zone ophiolites of the Trondheim Region Mid-Norwegian Caledonides,Slagstad Trond; Pin Christian; Roberts David; Kirkland Christopher L.; Grenne Tor; Dunning Greg; et al. (2016): Tectonomagmatic evolution of the Early Ordovician suprasubduction-zone ophiolites of the Trondheim Region Mid-Norwegian Caledonides. Geological Society of London. Dataset. https://doi.org/10.6084/m9.figshare.3453551.v1,10.6084/m9.figshare.3453551.v1,Tectonomagmatic evolution of the Early Ordovician suprasubduction-zone ophiolites of the Trondheim Region Mid-Norwegian Caledonides,10.1144/SP390.11,CC BY 4.0
184,3454955,Isotope geochemistry and revised geochronology of the Purrido Ophiolite (Cabo Ortegal Complex NW Iberian Massif): Devonian magmatism with mixed sources and involved Mesoproterozoic basement,"Martínez Sonia Sánchez; Arenas Ricardo; Gerdes Axel; Castiñeiras Pedro; Potrel Alain; Fernández-Suárez Javier (2016): Isotope geochemistry and revised geochronology of the Purrido Ophiolite (Cabo Ortegal Complex NW Iberian Massif): Devonian
                  magmatism with mixed sources and involved Mesoproterozoic basement. Geological Society of London. Dataset. https://doi.org/10.6084/m9.figshare.3454955.v1",10.6084/m9.figshare.3454955.v1,"Isotope geochemistry and revised geochronology of the Purrido Ophiolite (Cabo Ortegal Complex NW Iberian Massif): Devonian
                  magmatism with mixed sources and involved Mesoproterozoic basement",10.1144/0016-76492010-065,CC BY 4.0
185,1132661,Zircon ages and Hf isotopic compositions of plutonic rocks from the Central Tianshan (Xinjiang northwest China) and their significance for early to mid-Palaeozoic crustal evolution,Zircon ages and Hf isotopic compositions of plutonic rocks from the Central Tianshan (Xinjiang northwest China) and their significance for early to mid-Palaeozoic crustal evolution. Taylor & Francis. Liu Dunyi; Zhang Wei; Shi Yuruo; Jian Ping; Kröner Alfred; Jahn Bor-Ming; et al..,10.6084/m9.figshare.1132661.v1,Zircon ages and Hf isotopic compositions of plutonic rocks from the Central Tianshan (Xinjiang northwest China) and their significance for early to mid-Palaeozoic crustal evolution,10.1080/00206814.2014.942807,CC BY 4.0
188,7660721,Table S3. Lu-Hf analyses. Age origin and palaeogeography of the Southern Irumide Belt Zambia,Alessio Brandon L.; Collins Alan S.; Clark Chris; Glorie Stijn; Siegfried Pete R.; Taylor Richard (2019): Table S3. Lu–Hf analyses. Age origin and palaeogeography of the Southern Irumide Belt Zambia. Geological Society of London. Dataset. https://doi.org/10.6084/m9.figshare.7660721.v1,10.6084/m9.figshare.7660721.v1,,,CC BY 4.0
193,5427268,Formation of the Permian Taipinggou igneous rocks north of Luobei (Northeast China): implications for the subduction of the Mudanjiang Ocean beneath the Bureya-Jiamusi Massif,Formation of the Permian Taipinggou igneous rocks north of Luobei (Northeast China): implications for the subduction of the Mudanjiang Ocean beneath the Bureya–Jiamusi Massif. Taylor & Francis. Dong Yu; He Zhong-hua; Ren Zi-hui; Ge Wen-chun; Yang Hao; Ji Zheng; et al..,10.6084/m9.figshare.5427268.v1,Formation of the Permian Taipinggou igneous rocks north of Luobei (Northeast China): implications for the subduction of the Mudanjiang Ocean beneath the Bureya–Jiamusi Massif,10.1080/00206814.2017.1378130,CC BY 4.0
196,13289291,Supplemental Material: Age and deposition of the Fort Crittenden Formation: A window into Late Cretaceous Laramide and Cenozoic tectonics in southeastern Arizona,Caylor Emilia A.; al. et (2020): Supplemental Material: Age and deposition of the Fort Crittenden Formation: A window into Late Cretaceous Laramide and Cenozoic tectonics in southeastern Arizona. Geological Society of America. Journal contribution. https://doi.org/10.1130/GSAB.S.13289291.v3,10.1130/GSAB.S.13289291.v3,Age and deposition of the Fort Crittenden Formation: A window into Late Cretaceous Laramide and Cenozoic tectonics in southeastern Arizona,10.1130/B35808.1,CC BY-NC 4.0
198,4818031,Tracking deep ancient crustal components by xenocrystic/inherited zircons of Palaeozoic felsic igneous rocks from the Altai-East Junggar terrane and adjacent regions western Central Asian Orogenic Belt and its tectonic significance,Tracking deep ancient crustal components by xenocrystic/inherited zircons of Palaeozoic felsic igneous rocks from the Altai–East Junggar terrane and adjacent regions western Central Asian Orogenic Belt and its tectonic significance. Taylor & Francis. Zhang Jianjun; Wang Tao; Tong Ying; Zhang Zhaochong; Song Peng; Zhang Lei; et al..,10.6084/m9.figshare.4818031.v1,Tracking deep ancient crustal components by xenocrystic/inherited zircons of Palaeozoic felsic igneous rocks from the Altai–East Junggar terrane and adjacent regions western Central Asian Orogenic Belt and its tectonic significance,10.1080/00206814.2017.1308841,CC BY 4.0
206,7880405,Appendices 2 and 3. Sample description and concordia plot. Middle-late Mesoproterozoic tectonic  geography of the North Australia Craton: U-Pb and Hf isotopes of detrital zircon grains in the Beetaloo Sub basin Northern Territory Australia.,Yang B.; Collins A. S.; Blades M. L.; Capogreco N.; Payne J. L.; Munson T. J.; et al. (2019): Appendices 2 and 3. Sample description and concordia plot. Middle-late Mesoproterozoic tectonic  geography of the North Australia Craton: U–Pb and Hf isotopes of detrital zircon grains in the Beetaloo Sub basin Northern Territory Australia.. Geological Society of London. Dataset. https://doi.org/10.6084/m9.figshare.7880405.v1,10.6084/m9.figshare.7880405.v1,,,CC BY 4.0
208,12534503,Supplemental material: Tracing crustal evolution by U-Th-Pb Sm-Nd and Lu-Hf isotopes in detrital monazite and zircon from modern rivers,Liu X.-C.; al. et (2017): Supplemental material: Tracing crustal evolution by U-Th-Pb Sm-Nd and Lu-Hf isotopes in detrital monazite and zircon from modern rivers. Geological Society of America. Journal contribution. https://doi.org/10.1130/2017026,10.1130/2017026,Tracing crustal evolution by U-Th-Pb Sm-Nd and Lu-Hf isotopes in detrital monazite and zircon from modern rivers,10.1130/G38720.1,CC BY-NC 4.0
209,12854117,Detrital zircon U-Pb ages of the late Mesoproterozoic-Neoproterozoic Qiaotou formation in the Liao-Ji area of the North China Craton: implications for Rodinia reconstruction,Detrital zircon U-Pb ages of the late Mesoproterozoic–Neoproterozoic Qiaotou formation in the Liao-Ji area of the North China Craton: implications for Rodinia reconstruction. Taylor & Francis. Wen Zhang; Fulai Liu; Chaohui Liu.,10.6084/m9.figshare.12854117.v1,Detrital zircon U-Pb ages of the late Mesoproterozoic–Neoproterozoic Qiaotou formation in the Liao-Ji area of the North China Craton: implications for Rodinia reconstruction,10.1080/00206814.2020.1762250,CC BY 4.0
210,1229936,New data on detrital zircons from the sandstones of the lower Cambrian Brusov Formation (White Sea region East-European Craton): unravelling the timing of the onset of the Arctida-Baltica collision,New data on detrital zircons from the sandstones of the lower Cambrian Brusov Formation (White Sea region East-European Craton): unravelling the timing of the onset of the Arctida–Baltica collision. Taylor & Francis. Kuznetsov N.B.; Belousova E.A.; Alekseev A.S.; Romanyuk T.V..,10.6084/m9.figshare.1229936.v4,New data on detrital zircons from the sandstones of the lower Cambrian Brusov Formation (White Sea region East-European Craton): unravelling the timing of the onset of the Arctida–Baltica collision,10.1080/00206814.2014.977968,CC BY 4.0
215,11988531,Devonian arc-related granitoids in the Northwestern Chinese Tianshan Central Asian Orogenic Belt: implications for the bending of the Kazakhstan Orocline,Devonian arc-related granitoids in the Northwestern Chinese Tianshan Central Asian Orogenic Belt: implications for the bending of the Kazakhstan Orocline. Taylor & Francis. Sun Minjia; Cai Keda; Sun Min; Wan Bo; Wang Xiangsong; Bao Zihe.,10.6084/m9.figshare.11988531.v1,Devonian arc-related granitoids in the Northwestern Chinese Tianshan Central Asian Orogenic Belt: implications for the bending of the Kazakhstan Orocline,10.1080/00206814.2020.1737975,CC BY 4.0
219,13377008,Supplemental Material: Protracted northward drifting of South China during the assembly of Gondwana: Constraints from the spatial-temporal provenance comparison of Neoproterozoic-Cambrian strata,Chen Qiong; Zhao Guochun; al. et (2020): Supplemental Material: Protracted northward drifting of South China during the assembly of Gondwana: Constraints from the spatial-temporal provenance comparison of Neoproterozoic–Cambrian strata. Geological Society of America. Journal contribution. https://doi.org/10.1130/GSAB.S.13377008.v1,10.1130/GSAB.S.13377008.v1,Protracted northward drifting of South China during the assembly of Gondwana: Constraints from the spatial-temporal provenance comparison of Neoproterozoic–Cambrian strata,10.1130/B35791.1,CC BY-NC 4.0
220,9823535,Supplementary Table SBK 2. Age and isotope geochemistry of magmatic rocks of the Lohit plutonic complex eastern Himalaya: Implications for the evolution of Transhimalayan arc magmatism,Bikramaditya R.K.; Chung Sun-Lin; Singh A. Krishnakanta; Lee Hao-Yang; Lin Te-Hsien; Iizuka Yoshiyuki (2019): Supplementary Table SBK 2. Age and isotope geochemistry of magmatic rocks of the Lohit plutonic complex eastern Himalaya: Implications for the evolution of Transhimalayan arc magmatism. Geological Society of London. Dataset. https://doi.org/10.6084/m9.figshare.9823535.v1,10.6084/m9.figshare.9823535.v1,,,CC BY 4.0
229,2067126,Zircon ages and Hf isotopic compositions of Permian and Triassic A-type granites from central Inner Mongolia and their significance for late Palaeozoic and early Mesozoic evolution of the Central Asian Orogenic Belt,Zircon ages and Hf isotopic compositions of Permian and Triassic A-type granites from central Inner Mongolia and their significance for late Palaeozoic and early Mesozoic evolution of the Central Asian Orogenic Belt. Taylor & Francis. Shi Yuruo; Lawford Anderson J.; Li Linlin; Ding Jing; Liu Cui; Zhang Wei; et al..,10.6084/m9.figshare.2067126.v1,Zircon ages and Hf isotopic compositions of Permian and Triassic A-type granites from central Inner Mongolia and their significance for late Palaeozoic and early Mesozoic evolution of the Central Asian Orogenic Belt,10.1080/00206814.2016.1138333,CC BY 4.0
231,1181864,Crust-mantle interaction triggered by oblique subduction of the Pacific plate: geochronological geochemical and Hf isotopic evidence from the Early Cretaceous volcanic rocks of Zhejiang Province southeast China,Crust–mantle interaction triggered by oblique subduction of the Pacific plate: geochronological geochemical and Hf isotopic evidence from the Early Cretaceous volcanic rocks of Zhejiang Province southeast China. Taylor & Francis. Li Chunlin; Wang Zongxiu; Wang Duixing; Cao Wentao; Yu Xinqi; Zhou Gaozhi; et al..,10.6084/m9.figshare.1181864.v2,Crust–mantle interaction triggered by oblique subduction of the Pacific plate: geochronological geochemical and Hf isotopic evidence from the Early Cretaceous volcanic rocks of Zhejiang Province southeast China,10.1080/00206814.2014.956347,CC BY 4.0
232,13352656,The Siah Cheshmeh-Khoy-Misho-Tabriz fault (NW Iran) is a cryptic neotethys suture: evidence from detrital zircon geochronology Hf isotopes and provenance analysis,The Siah Cheshmeh-Khoy-Misho-Tabriz fault (NW Iran) is a cryptic neotethys suture: evidence from detrital zircon geochronology Hf isotopes and provenance analysis. Taylor & Francis. Mohammadi Ali; Burg Jean-Pierre; Guillong Marcel.,10.6084/m9.figshare.13352656.v1,The Siah Cheshmeh-Khoy-Misho-Tabriz fault (NW Iran) is a cryptic neotethys suture: evidence from detrital zircon geochronology Hf isotopes and provenance analysis,10.1080/00206814.2020.1845992,CC BY 4.0
233,1297338,Late Devonian closure of the North Qilian Ocean: evidence from detrital zircon U-Pb geochronology and Hf isotopes in the eastern North Qilian Orogenic Belt,Late Devonian closure of the North Qilian Ocean: evidence from detrital zircon U–Pb geochronology and Hf isotopes in the eastern North Qilian Orogenic Belt. Taylor & Francis. Yuan Wei; Yang Zhenyu.,10.6084/m9.figshare.1297338.v2,Late Devonian closure of the North Qilian Ocean: evidence from detrital zircon U–Pb geochronology and Hf isotopes in the eastern North Qilian Orogenic Belt,10.1080/00206814.2014.999357,CC BY 4.0
234,9778340,Shallow reworking of magmatic zircon grains of latest Neoproterozoic (Timanian) age in serpentinite of the Voykar Massif Polar Urals: new constraints from U-Pb isotopic data and first trace elements and Lu-Hf isotopic data,Shallow reworking of magmatic zircon grains of latest Neoproterozoic (Timanian) age in serpentinite of the Voykar Massif Polar Urals: new constraints from U-Pb isotopic data and first trace elements and Lu-Hf isotopic data. Taylor & Francis. Koglin Nikola; Estrada Solveig; Gerdes Axel.,10.6084/m9.figshare.9778340.v1,Shallow reworking of magmatic zircon grains of latest Neoproterozoic (Timanian) age in serpentinite of the Voykar Massif Polar Urals: new constraints from U-Pb isotopic data and first trace elements and Lu-Hf isotopic data,10.1080/11035897.2019.1621371,CC BY 4.0
235,3454805,On the difficulty of assigning crustal residence magmatic protolith and metamorphic ages to Lewisian granulites: constraints from combined in situ U-Pb and Lu-Hf isotopes,"Whitehouse M. J.; Kemp A. I. S. (2016): On the difficulty of assigning crustal residence magmatic protolith and metamorphic ages to Lewisian granulites: constraints
                  from combined <em>in situ</em> U–Pb and Lu–Hf isotopes. Geological Society of London. Dataset. https://doi.org/10.6084/m9.figshare.3454805.v1",10.6084/m9.figshare.3454805.v1,"On the difficulty of assigning crustal residence magmatic protolith and metamorphic ages to Lewisian granulites: constraints
                  from combined <em>in situ</em> U–Pb and Lu–Hf isotopes",10.1144/SP335.5,CC BY 4.0
237,3454952,Provenance and exhumation of an exotic eclogite-bearing nappe in the Caledonides: a U-Pb and Rb-Sr study of the Jaeren nappe SW Norway,"Smit M.A.; Bröcker M.; Kooijman E.; Scherer E.E. (2016): Provenance and exhumation of an exotic eclogite-bearing nappe in the Caledonides: a U–Pb and Rb–Sr study of the Jæren nappe
                  SW Norway. Geological Society of London. Dataset. https://doi.org/10.6084/m9.figshare.3454952.v1",10.6084/m9.figshare.3454952.v1,"Provenance and exhumation of an exotic eclogite-bearing nappe in the Caledonides: a U–Pb and Rb–Sr study of the Jæren nappe
                  SW Norway",10.1144/0016-76492010-096,CC BY 4.0
239,12188949,Supplemental material: Cogenetic origin of mafic microgranular enclaves in calc-alkaline granitoids: The Permian plutons in the northern North China Block,Zhang Shuan-Hong; Zhao Yue (2017): Supplemental material: Cogenetic origin of mafic microgranular enclaves in calc-alkaline granitoids: The Permian plutons in the northern North China Block. Geological Society of America. Journal contribution. https://doi.org/10.1130/GES01407.S2,10.1130/GES01407.S2,Cogenetic origin of mafic microgranular enclaves in calc-alkaline granitoids: The Permian plutons in the northern North China Block,10.1130/GES01407.1,CC BY-NC 4.0
241,13345328,Stewart Island geochronology New Zealand,Scott James (2020): Stewart Island geochronology New Zealand. figshare. Dataset. https://doi.org/10.6084/m9.figshare.13345328.v1,10.6084/m9.figshare.13345328.v1,,,CC BY 4.0
242,5260411,Petrogenesis and tectonic implications of early Palaeozoic igneous rocks of the western South Qilian Belt central China,Petrogenesis and tectonic implications of early Palaeozoic igneous rocks of the western South Qilian Belt central China. Taylor & Francis. Wang Dongsheng; Wang Tao; Yan Jing; Lin Xin.,10.6084/m9.figshare.5260411.v1,Petrogenesis and tectonic implications of early Palaeozoic igneous rocks of the western South Qilian Belt central China,10.1080/00206814.2017.1356247,CC BY 4.0
245,3453464,A Hf-isotope perspective on continent formation in the south Peruvian Andes,Boekhout Flora; Roberts Nick M. W.; Gerdes Axel; Schaltegger Urs (2016): A Hf-isotope perspective on continent formation in the south Peruvian Andes. Geological Society of London. Dataset. https://doi.org/10.6084/m9.figshare.3453464.v1,10.6084/m9.figshare.3453464.v1,A Hf-isotope perspective on continent formation in the south Peruvian Andes,10.1144/SP389.6,CC BY 4.0
246,3454901,Evolution of the Archaean Karelian Province in the Fennoscandian Shield in the light of U-Pb zircon ages and Sm-Nd and Lu-Hf isotope systematics,"Lauri Laura S.; Andersen Tom; Hölttä Pentti; Huhma Hannu; Graham Stuart (2016): Evolution of the Archaean Karelian Province in the Fennoscandian Shield in the light of U–Pb zircon ages and Sm–Nd and Lu–Hf
                  isotope systematics. Geological Society of London. Dataset. https://doi.org/10.6084/m9.figshare.3454901.v1",10.6084/m9.figshare.3454901.v1,"Evolution of the Archaean Karelian Province in the Fennoscandian Shield in the light of U–Pb zircon ages and Sm–Nd and Lu–Hf
                  isotope systematics",10.1144/0016-76492009-159,CC BY 4.0
248,3453947,Zircon provenance of SW Caledonian phyllites reveals a distant Timanian sediment source,Slama Jiri; B. Pedersen Rolf (2016): Zircon provenance of SW Caledonian phyllites reveals a distant Timanian sediment source. Geological Society of London. Dataset. https://doi.org/10.6084/m9.figshare.3453947.v1,10.6084/m9.figshare.3453947.v1,Zircon provenance of SW Caledonian phyllites reveals a distant Timanian sediment source,10.1144/jgs2014-143,CC BY 4.0
254,5242132,U-Pb-Hf isotopes and trace elements of metasomatic zircon delimit the evolution of neoproterozoic Capane ophiolite in the southern Brasiliano Orogen,U–Pb–Hf isotopes and trace elements of metasomatic zircon delimit the evolution of neoproterozoic Capané ophiolite in the southern Brasiliano Orogen. Taylor & Francis. Arena Karine R.; Hartmann Léo A.; Lana Cristiano.,10.6084/m9.figshare.5242132.v1,U–Pb–Hf isotopes and trace elements of metasomatic zircon delimit the evolution of neoproterozoic Capané ophiolite in the southern Brasiliano Orogen,10.1080/00206814.2017.1355269,CC BY 4.0
255,12859708,Late Cretaceous adakitic rocks from the western Tibetan Plateau: implications for the subduction of the Neo-Tethys Ocean,Late Cretaceous adakitic rocks from the western Tibetan Plateau: implications for the subduction of the Neo-Tethys Ocean. Taylor & Francis. Wang Wei; Zhai Qing-Guo; Hu Pei-Yuan; Chung Sun-Lin; Tang Yue; Wang Hai-Tao; et al..,10.6084/m9.figshare.12859708.v1,Late Cretaceous adakitic rocks from the western Tibetan Plateau: implications for the subduction of the Neo-Tethys Ocean,10.1080/00206814.2020.1805803,CC BY 4.0
257,12998867,Migmatites in the Dabie orogen,Xia Qiong-Xia (2020): Migmatites in the Dabie orogen. figshare. Dataset. https://doi.org/10.6084/m9.figshare.12998867.v1,10.6084/m9.figshare.12998867.v1,,,CC BY 4.0
258,1378877,Zircon U-Pb geochronology and Hf isotopic constraints on the petrogenesis of Early Triassic granites in the Wulonggou area of the Eastern Kunlun Orogen Northwest China,Zircon U–Pb geochronology and Hf isotopic constraints on the petrogenesis of Early Triassic granites in the Wulonggou area of the Eastern Kunlun Orogen Northwest China. Taylor & Francis. Ding Qing-Feng; Liu Fei; Yan Wei.,10.6084/m9.figshare.1378877.v3,Zircon U–Pb geochronology and Hf isotopic constraints on the petrogenesis of Early Triassic granites in the Wulonggou area of the Eastern Kunlun Orogen Northwest China,10.1080/00206814.2015.1029541,CC BY 4.0
259,11466981,Sedimentary response to the non-synchronous closure of Paleo-Asian Ocean: evidence from U-Pb ages and Hf isotopic compositions of detrital zircons from the Linxi Formation NE China,Sedimentary response to the non-synchronous closure of Paleo-Asian Ocean: evidence from U-Pb ages and Hf isotopic compositions of detrital zircons from the Linxi Formation NE China. Taylor & Francis. Wang Xi; Ren Yun-Sheng; Zhang Yang; Zhao Dong-Sheng.,10.6084/m9.figshare.11466981.v1,Sedimentary response to the non-synchronous closure of Paleo-Asian Ocean: evidence from U-Pb ages and Hf isotopic compositions of detrital zircons from the Linxi Formation NE China,10.1080/00206814.2019.1706650,CC BY 4.0
262,10329308,An A1-type granite that borders A2-type: insights from the geochemical characteristics of the Zongyang A-type granite in the Lower Yangtze River Belt China,An A<sub>1</sub>-type granite that borders A<sub>2</sub>-type: insights from the geochemical characteristics of the Zongyang A-type granite in the Lower Yangtze River Belt China. Taylor & Francis. Jiang Xiao-Yan; Wu Kai; Luo Jin-Cheng; Zhang Li-Peng; Sun Wei Dong; Xia Xiao-Ping.,10.6084/m9.figshare.10329308.v1,An A<sub>1</sub>-type granite that borders A<sub>2</sub>-type: insights from the geochemical characteristics of the Zongyang A-type granite in the Lower Yangtze River Belt China,10.1080/00206814.2019.1689534,CC BY 4.0
266,3479078,Decoding Neoarchaean to Palaeoproterozoic tectonothermal events in the Rangnim Massif North Korea: regional correlation and broader implications,Decoding Neoarchaean to Palaeoproterozoic tectonothermal events in the Rangnim Massif North Korea: regional correlation and broader implications. Taylor & Francis. Zhang Xiaohui; Zhang Yanbin; Zhai Mingguo; Wu Fuyuan; Hou Quanlin; Yuan Lingling.,10.6084/m9.figshare.3479078.v1,Decoding Neoarchaean to Palaeoproterozoic tectonothermal events in the Rangnim Massif North Korea: regional correlation and broader implications,10.1080/00206814.2016.1198995,CC BY 4.0
271,12408134,Supporting Information.docx,Xu Lei-Luo (2020): Supporting Information.docx. figshare. Journal contribution. https://doi.org/10.6084/m9.figshare.12408134.v1,10.6084/m9.figshare.12408134.v1,,,CC BY 4.0
272,12909836,Supplemental Material: Petrogenesis of Ordovician granitoids in Western Kunlun NW Tibetan Plateau: Insights into the evolution of the Proto-Tethys Ocean,Wang Peng; Zhao Guochun; al. et (2020): Supplemental Material: Petrogenesis of Ordovician granitoids in Western Kunlun NW Tibetan Plateau: Insights into the evolution of the Proto-Tethys Ocean. Geological Society of America. Journal contribution. https://doi.org/10.1130/GSAB.S.12909836.v1,10.1130/GSAB.S.12909836.v1,Petrogenesis of Ordovician granitoids in Western Kunlun NW Tibetan Plateau: Insights into the evolution of the Proto-Tethys Ocean,10.1130/B35740.1,CC BY-NC 4.0
274,12083259,Early Carboniferous back-arc rifting-related magmatism in southern Tibet: Implications for the history of the Lhasa terrane separation from Gondwana,Wang Xuhui; Lang Xinghai; Tang Juxing; Deng Yulin; He Qing; Xie Fuwei; et al. (2020): Early Carboniferous back-arc rifting-related magmatism in southern Tibet: Implications for the history of the Lhasa terrane separation from Gondwana. figshare. Dataset. https://doi.org/10.6084/m9.figshare.12083259.v3,10.6084/m9.figshare.12083259.v3,,,CC BY 4.0
278,6953345,1.74 Ga crustal melting after rifting at the northern Indian margin: investigation of mylonitic orthogneisses in the Kathmandu area central Nepal,1.74 Ga crustal melting after rifting at the northern Indian margin: investigation of mylonitic orthogneisses in the Kathmandu area central Nepal. Taylor & Francis. Imayama Takeshi; Arita Kazunori; Fukuyama Mayuko; Yi Keewook; Kawabata Ryoichi.,10.6084/m9.figshare.6953345.v1,1.74 Ga crustal melting after rifting at the northern Indian margin: investigation of mylonitic orthogneisses in the Kathmandu area central Nepal,10.1080/00206814.2018.1504329,CC BY 4.0
279,3453743,Gondwana margin evolution from zircon REE O and Hf signatures of Western Province gneisses Zealandia,Hiess Joe; Yi Keewook; Woodhead Jon; Ireland Trevor; Rattenbury Mark (2016): Gondwana margin evolution from zircon REE O and Hf signatures of Western Province gneisses Zealandia. Geological Society of London. Journal contribution. https://doi.org/10.6084/m9.figshare.3453743.v1,10.6084/m9.figshare.3453743.v1,Gondwana margin evolution from zircon REE O and Hf signatures of Western Province gneisses Zealandia,10.1144/SP389.10,CC BY 4.0
283,13185302,Subduction initiation of the Neo-Tethys oceanic lithosphere by collision�induced subduction transference,Wang Xuhui; Lang Xinghai; Klemd Reiner; Deng Yuling; Tang Juxing; He Qing; et al. (2020): Subduction initiation of the Neo-Tethys oceanic lithosphere by collision‐induced subduction transference. figshare. Dataset. https://doi.org/10.6084/m9.figshare.13185302.v2,10.6084/m9.figshare.13185302.v2,,,CC BY 4.0
284,6049280,Partial melting of subducted Southern Qiangtang crust in northern Tibet: evidence from the geochemistry and geochronology of the Riwanchaka granodiorite porphyry in Central Qiangtang,Partial melting of subducted Southern Qiangtang crust in northern Tibet: evidence from the geochemistry and geochronology of the Riwanchaka granodiorite porphyry in Central Qiangtang. Taylor & Francis. Wu Hao; Xu Wei; Li Cai; Sun Shulin; Jiang Qingyuan.,10.6084/m9.figshare.6049280.v2,Partial melting of subducted Southern Qiangtang crust in northern Tibet: evidence from the geochemistry and geochronology of the Riwanchaka granodiorite porphyry in Central Qiangtang,10.1080/00206814.2018.1455159,CC BY 4.0
297,11365343,Tectonic mechanism and evolution of eastern China during the Early Cretaceous: a view from magmatism in the middle to Southern Tan-Lu fault zone,Tectonic mechanism and evolution of eastern China during the Early Cretaceous: a view from magmatism in the middle to Southern Tan-Lu fault zone. Taylor & Francis. Kang Yuelan; Shi Yuruo; Anderson J. Lawford.,10.6084/m9.figshare.11365343.v1,Tectonic mechanism and evolution of eastern China during the Early Cretaceous: a view from magmatism in the middle to Southern Tan-Lu fault zone,10.1080/00206814.2019.1700400,CC BY 4.0
299,12085035,Resolving tectonic settings of ancient magmatic suites using structural geochemical and isotopic constraints: the example of the St Peter Suite southern Australia,Resolving tectonic settings of ancient magmatic suites using structural geochemical and isotopic constraints: the example of the St Peter Suite southern Australia. Taylor & Francis. Reid A. J.; Pawley M. J.; Wade C.; Jagodzinski E. A.; Dutch R. A.; Armstrong R..,10.6084/m9.figshare.12085035.v1,Resolving tectonic settings of ancient magmatic suites using structural geochemical and isotopic constraints: the example of the St Peter Suite southern Australia,10.1080/08120099.2019.1632224,CC BY 4.0
300,4729672,Petrogenesis and tectonic implications of late Mesozoic granitoids in southern Anhui Province southeastern China,Petrogenesis and tectonic implications of late Mesozoic granitoids in southern Anhui Province southeastern China. Taylor & Francis. Xie Jiancheng; Fang De; Xia Dongmei; Li Quanzhong; Sun Weidong.,10.6084/m9.figshare.4729672.v1,Petrogenesis and tectonic implications of late Mesozoic granitoids in southern Anhui Province southeastern China,10.1080/00206814.2017.1297964,CC BY 4.0
302,3453152,Baltican crustal provenance for Cambrian-Ordovician sandstones of the Alexander terrane North American Cordillera: evidence from detrital zircon U-Pb geochronology and Hf isotope geochemistry,"P. Beranek Luke; van Staal Cees R.; McClelland William C.; Israel Steve; Mihalynuk Mitch G. (2016): Baltican crustal provenance for Cambrian–Ordovician sandstones of the Alexander terrane North American Cordillera: evidence
                  from detrital zircon U–Pb geochronology and Hf isotope geochemistry. Geological Society of London. Dataset. https://doi.org/10.6084/m9.figshare.3453152.v1",10.6084/m9.figshare.3453152.v1,"Baltican crustal provenance for Cambrian–Ordovician sandstones of the Alexander terrane North American Cordillera: evidence
                  from detrital zircon U–Pb geochronology and Hf isotope geochemistry",10.1144/jgs2012-028,CC BY 4.0
305,5841144,Geochronology and geochemistry of the late Neoproterozoic A-type granitic clasts in the southwestern Tarim Craton: petrogenesis and tectonic implications,Geochronology and geochemistry of the late Neoproterozoic A-type granitic clasts in the southwestern Tarim Craton: petrogenesis and tectonic implications. Taylor & Francis. Wu Guanghui; Xiao Yang; He Jinyou; Chen Zhiyong; He Shu; Zhu Guangyou.,10.6084/m9.figshare.5841144.v1,Geochronology and geochemistry of the late Neoproterozoic A-type granitic clasts in the southwestern Tarim Craton: petrogenesis and tectonic implications,10.1080/00206814.2017.1423521,CC BY 4.0
313,8258606,The 2.73 Ga I-type granites in the Lengshui Complex and implications for the Neoarchean tectonic evolution of the Yangtze Craton,The 2.73 Ga I-type granites in the Lengshui Complex and implications for the Neoarchean tectonic evolution of the Yangtze Craton. Taylor & Francis. Huang Mingda; Cui Xiaozhuang; Ren Guangming; Guo Jinwei; Ren Fei; Pang Weihua; et al..,10.6084/m9.figshare.8258606.v1,The 2.73 Ga I-type granites in the Lengshui Complex and implications for the Neoarchean tectonic evolution of the Yangtze Craton,10.1080/00206814.2019.1627591,CC BY 4.0
314,1473118,Geochronology and geochemistry of Late Triassic bimodal igneous rocks at the eastern margin of the Songnen-Zhangguangcai Range Massif Northeast China: petrogenesis and tectonic implications,Geochronology and geochemistry of Late Triassic bimodal igneous rocks at the eastern margin of the Songnen–Zhangguangcai Range Massif Northeast China: petrogenesis and tectonic implications. Taylor & Francis. Guo Peng; Xu Wen-Liang; Yu Jie-Jiang; Wang Feng; Tang Jie; Li Yu.,10.6084/m9.figshare.1473118.v3,Geochronology and geochemistry of Late Triassic bimodal igneous rocks at the eastern margin of the Songnen–Zhangguangcai Range Massif Northeast China: petrogenesis and tectonic implications,10.1080/00206814.2015.1059295,CC BY 4.0
315,11357588,Late Mesozoic tectonic evolution of the central Bangong-Nujiang Suture Zone central Tibetan Plateau,Late Mesozoic tectonic evolution of the central Bangong–Nujiang Suture Zone central Tibetan Plateau. Taylor & Francis. Li Chao; Wang G. H.; Zhao Z. B.; Du J. X.; X. X.; Zheng Y. L..,10.6084/m9.figshare.11357588.v1,Late Mesozoic tectonic evolution of the central Bangong–Nujiang Suture Zone central Tibetan Plateau,10.1080/00206814.2019.1697859,CC BY 4.0
316,12692762,Table 1 supplementary data for the paper: Detachment faulting in the Xigaze ophiolite: New constraints on its formation and implications for other ophiolites in the YZSZ southern Tibet,Li Yuan; Li R.B.; Robinson P.T.; Yang S.B. (Shengbiao); Zhang J.; Yang J.S. (2020): Table 1 supplementary data for the paper: Detachment faulting in the Xigazê ophiolite: New constraints on its formation and implications for other ophiolites in the YZSZ southern Tibet. 4TU.ResearchData. Dataset. https://doi.org/10.4121/uuid:41f45b0b-fe19-4007-a4aa-7234e08f40f1,10.4121/uuid:41f45b0b-fe19-4007-a4aa-7234e08f40f1,,,CC0
318,1591117,Detrital zircon provenance of the Wangshi and Laiyang groups of the Jiaolai basin: evidence for Early Cretaceous uplift of the Sulu orogen Eastern China,Detrital zircon provenance of the Wangshi and Laiyang groups of the Jiaolai basin: evidence for Early Cretaceous uplift of the Sulu orogen Eastern China. Taylor & Francis. Wang Jun; Chang Su-Chin; Lu Hong-Bo; Zhang Hai-Chun.,10.6084/m9.figshare.1591117.v1,Detrital zircon provenance of the Wangshi and Laiyang groups of the Jiaolai basin: evidence for Early Cretaceous uplift of the Sulu orogen Eastern China,10.1080/00206814.2015.1105728,CC BY 4.0
319,12252230,Supplemental Material: Rifting and subduction records of the Paleo-Tethys in North Laos: Constraints from Late Paleozoic mafic and plagiogranitic magmatism along the Song Ma tectonic zone,Zhang Yuzhi (2020): Supplemental Material: Rifting and subduction records of the Paleo–Tethys in North Laos: Constraints from Late Paleozoic mafic and plagiogranitic magmatism along the Song Ma tectonic zone. Geological Society of America. Journal contribution. https://doi.org/10.1130/GSAB.S.12252230,10.1130/GSAB.S.12252230,Rifting and subduction records of the Paleo–Tethys in North Laos: Constraints from Late Paleozoic mafic and plagiogranitic magmatism along the Song Ma tectonic zone,10.1130/B35537.1,CC BY-NC 4.0
321,7205153,Zircon U-Pb geochronology and Hf isotopic constraints on the petrogenesis of the Late Silurian Shidonggou granite from the Wulonggou area in the Eastern Kunlun Orogen Northwest China,Zircon U–Pb geochronology and Hf isotopic constraints on the petrogenesis of the Late Silurian Shidonggou granite from the Wulonggou area in the Eastern Kunlun Orogen Northwest China. Taylor & Francis. Ding Qing-Feng; Song Kai; Zhang Qiang; Yan Wei; Liu Fei.,10.6084/m9.figshare.7205153.v1,Zircon U–Pb geochronology and Hf isotopic constraints on the petrogenesis of the Late Silurian Shidonggou granite from the Wulonggou area in the Eastern Kunlun Orogen Northwest China,10.1080/00206814.2018.1534218,CC BY 4.0
322,3453404,Origin and evolution of Avalonia: evidence from U-Pb and Lu-Hf isotopes in zircon from the Mira terrane Canada and the Stavelot-Venn Massif Belgium,"Willner A. P.; Barr S. M.; Gerdes A.; Massonne H.-J.; White C. E. (2016): Origin and evolution of Avalonia: evidence from U–Pb and Lu–Hf isotopes in zircon from the Mira terrane Canada and the Stavelot–Venn
                  Massif Belgium. Geological Society of London. Dataset. https://doi.org/10.6084/m9.figshare.3453404.v1",10.6084/m9.figshare.3453404.v1,"Origin and evolution of Avalonia: evidence from U–Pb and Lu–Hf isotopes in zircon from the Mira terrane Canada and the Stavelot–Venn
                  Massif Belgium",10.1144/jgs2012-152,CC BY 4.0
324,12947522,Table S4. Detrital Zircon U-Pb data..xlsx,Li Chaopeng (2020): Table S4. Detrital Zircon U-Pb data..xlsx. figshare. Dataset. https://doi.org/10.6084/m9.figshare.12947522.v1,10.6084/m9.figshare.12947522.v1,,,CC0
325,11889408,Neoproterozoic granitoids from the Phan Si Pan Zone NW Vietnam: geochemistry and geochronology constraints on reconstructing South China-India Palaeogeography,Neoproterozoic granitoids from the Phan Si Pan Zone NW Vietnam: geochemistry and geochronology constraints on reconstructing South China – India Palaeogeography. Taylor & Francis. Minh Pham; Hieu Pham Trung; Thuy Nguyen Thi Bich; Le Tien Dung; Kawaguchi Kenta; Dung Pham Thi.,10.6084/m9.figshare.11889408.v1,Neoproterozoic granitoids from the Phan Si Pan Zone NW Vietnam: geochemistry and geochronology constraints on reconstructing South China – India Palaeogeography,10.1080/00206814.2020.1728584,CC BY 4.0
327,12187194,Supplemental material: Geochemistry and geochronology of the Jim Sage volcanic suite southern Idaho: Implications for Snake River Plain magmatism and its role in the history of Basin and Range extension,Konstantinou Alexandros; Valley John; Strickland Ariel; Miller Elizabeth L.; Fisher Chris; Vervoort Jeffrey; et al. (2013): Supplemental material: Geochemistry and geochronology of the Jim Sage volcanic suite southern Idaho: Implications for Snake River Plain magmatism and its role in the history of Basin and Range extension. Geological Society of America. Journal contribution. https://doi.org/10.1130/GES00948.S6,10.1130/GES00948.S6,Geochemistry and geochronology of the Jim Sage volcanic suite southern Idaho: Implications for Snake River Plain magmatism and its role in the history of Basin and Range extension,10.1130/GES00948.1,CC BY-NC 4.0
350,3749355,Sedimentary record of Jurassic northward subduction of the Bangong-Nujiang Ocean: insights from detrital zircons,Sedimentary record of Jurassic northward subduction of the Bangong–Nujiang Ocean: insights from detrital zircons. Taylor & Francis. Huang Tong-Tong; Xu Ji-Feng; Chen Jian-Lin; Wu Jian-bin; Zeng Yun-Chuan.,10.6084/m9.figshare.3749355.v1,Sedimentary record of Jurassic northward subduction of the Bangong–Nujiang Ocean: insights from detrital zircons,10.1080/00206814.2016.1218801,CC BY 4.0
352,5423107,Geochemical study of Cretaceous magmatic rocks in Chuzhou region low Yangtze River metallogenic belt: implications for petrogenesis and Cu-Au mineralization,Geochemical study of Cretaceous magmatic rocks in Chuzhou region low Yangtze River metallogenic belt: implications for petrogenesis and Cu–Au mineralization. Taylor & Francis. Hu Zilong; Yang Xiaoyong; Lee Insung.,10.6084/m9.figshare.5423107.v1,Geochemical study of Cretaceous magmatic rocks in Chuzhou region low Yangtze River metallogenic belt: implications for petrogenesis and Cu–Au mineralization,10.1080/00206814.2017.1373606,CC BY 4.0
353,12854090,Geochronology and geochemistry of late Jurassic-Early Cretaceous volcanic rocks in the southern Great Xing an range NE China: constraints for late Mesozoic tectono-magmatic evolution,Geochronology and geochemistry of late Jurassic–Early Cretaceous volcanic rocks in the southern Great Xing’an range NE China: constraints for late Mesozoic tectono-magmatic evolution. Taylor & Francis. Han Shi-Jiong; Wang Xi; Wang Xin; Wang Yan; Zhang Yang.,10.6084/m9.figshare.12854090.v1,Geochronology and geochemistry of late Jurassic–Early Cretaceous volcanic rocks in the southern Great Xing’an range NE China: constraints for late Mesozoic tectono-magmatic evolution,10.1080/00206814.2020.1768442,CC BY 4.0
368,3179419,Age and nature of 560-520 Ma calc-alkaline granitoids of Biarjmand northeast Iran: insights into Cadomian arc magmatism in northern Gondwana,Age and nature of 560–520 Ma calc-alkaline granitoids of Biarjmand northeast Iran: insights into Cadomian arc magmatism in northern Gondwana. Taylor & Francis. Moghadam Hadi S.; Li Xian–Hua; J. Stern Robert; Santos Jose F.; Ghorbani Ghasem; Pourmohsen Mehrdad.,10.6084/m9.figshare.3179419,Age and nature of 560–520 Ma calc-alkaline granitoids of Biarjmand northeast Iran: insights into Cadomian arc magmatism in northern Gondwana,10.1080/00206814.2016.1166461,CC BY 4.0
369,3978588,The role of mafic microgranular enclaves in the generation of Early Cretaceous granitic rocks of SE China: evidence from zircon U-Pb geochronology geochemistry and Hf isotopic data for the Liangnong pluton eastern Zhejiang Province,The role of mafic microgranular enclaves in the generation of Early Cretaceous granitic rocks of SE China: evidence from zircon U–Pb geochronology geochemistry and Hf isotopic data for the Liangnong pluton eastern Zhejiang Province. Taylor & Francis. Gao Wanli; Wang Zongxiu; Song Wanjiao; Li Chunlin.,10.6084/m9.figshare.3978588.v1,The role of mafic microgranular enclaves in the generation of Early Cretaceous granitic rocks of SE China: evidence from zircon U–Pb geochronology geochemistry and Hf isotopic data for the Liangnong pluton eastern Zhejiang Province,10.1080/00206814.2016.1236297,CC BY 4.0
370,5783151,Table 3. Zircon LA-ICP-MS U-Pb isotopic data. Petrogenesis of Early Paleozoic diorites and mafic-intermediate dykes from the eastern Qilian orogen NE Tibetan Plateau: implication for lithospheric processes,Yang He; Zhang Hongfei; Luo Biji; Gao Zhong; Tao Lu (2018): Table 3. Zircon LA–ICP–MS U–Pb isotopic data. Petrogenesis of Early Paleozoic diorites and mafic–intermediate dykes from the eastern Qilian orogen NE Tibetan Plateau: implication for lithospheric processes. Geological Society of London. Dataset. https://doi.org/10.6084/m9.figshare.5783151.v1,10.6084/m9.figshare.5783151.v1,,,CC BY 4.0
377,6737129,Table S1.xlsxTectonic switching of Southeast South in the late Paleozoic,Yu Jinhai (2018): Table S1.xlsxTectonic switching of Southeast South in the late Paleozoic. figshare. Dataset. https://doi.org/10.6084/m9.figshare.6737129.v2,10.6084/m9.figshare.6737129.v2,,,CC BY 4.0
384,3453836,Archaean granulite-facies paragneisses from central Swaziland: inferences on Palaeoarchaean crustal reworking and a complex metamorphic history,"Suhr Nils; Hoffmann J. Elis; Kröner Alfred; Schröder Sebastian (2016): Archaean granulite-facies paragneisses from central Swaziland: inferences on Palaeoarchaean crustal reworking and a complex
                  metamorphic history. Geological Society of London. Dataset. https://doi.org/10.6084/m9.figshare.3453836.v1",10.6084/m9.figshare.3453836.v1,"Archaean granulite-facies paragneisses from central Swaziland: inferences on Palaeoarchaean crustal reworking and a complex
                  metamorphic history",10.1144/jgs2014-007,CC BY 4.0
385,5883139,Zircon U-Pb ages and Hf isotopic compositions of two types of supracrustal rocks in the Northeastern Sulu UHP terrane: constraints on the surface boundary between South China and North China,Zircon U–Pb ages and Hf isotopic compositions of two types of supracrustal rocks in the Northeastern Sulu UHP terrane: constraints on the surface boundary between South China and North China. Taylor & Francis. Xu Yang; Yang Ming-Ling; Polat Ali; Yang Kun-Guang; Meng Yuan-Ku; Li Ri-Hui; et al..,10.6084/m9.figshare.5883139.v1,Zircon U–Pb ages and Hf isotopic compositions of two types of supracrustal rocks in the Northeastern Sulu UHP terrane: constraints on the surface boundary between South China and North China,10.1080/00206814.2018.1437787,CC BY 4.0
388,5625316,Mid-Late Cretaceous igneous activity in South China: the Qianjia example Hainan Island,Mid–Late Cretaceous igneous activity in South China: the Qianjia example Hainan Island. Taylor & Francis. Sun Sai-Jun; Zhang Li-Peng; Zhang Rong-Qing; Ding Xing; Zhu Hong-Li; Zhang Zhao-Feng; et al..,10.6084/m9.figshare.5625316.v1,Mid–Late Cretaceous igneous activity in South China: the Qianjia example Hainan Island,10.1080/00206814.2017.1402379,CC BY 4.0
389,5341093,Early Cretaceous K-rich rhyolites from the Duolong Cu-Au deposit southern Qiangtang China: evidence for crustal growth,Early Cretaceous K-rich rhyolites from the Duolong Cu–Au deposit southern Qiangtang China: evidence for crustal growth. Taylor & Francis. Wang Wei; Wang Ming; Li Cai; Fan Jian-Jun; Xu Wei; Dong Yu-Chao.,10.6084/m9.figshare.5341093.v1,Early Cretaceous K-rich rhyolites from the Duolong Cu–Au deposit southern Qiangtang China: evidence for crustal growth,10.1080/00206814.2017.1365632,CC BY 4.0
391,3453164,U-Pb and Hf isotope data of detrital zircons from the Barberton Greenstone Belt: constraints on provenance and Archaean crustal evolution,"Zeh Armin; Gerdes Axel; Heubeck Christoph (2016): U–Pb and Hf isotope data of detrital zircons from the Barberton Greenstone Belt: constraints on provenance and Archaean crustal
                  evolution. Geological Society of London. Dataset. https://doi.org/10.6084/m9.figshare.3453164.v1",10.6084/m9.figshare.3453164.v1,"U–Pb and Hf isotope data of detrital zircons from the Barberton Greenstone Belt: constraints on provenance and Archaean crustal
                  evolution",10.1144/jgs2011-162,CC BY 4.0
392,5331865,Devonian rodingite from the northern margin of the North China Craton: mantle wedge metasomatism during ocean-continent convergence,Devonian rodingite from the northern margin of the North China Craton: mantle wedge metasomatism during ocean–continent convergence. Taylor & Francis. Hu Chao-Nan; Santosh M.,10.6084/m9.figshare.5331865.v1,Devonian rodingite from the northern margin of the North China Craton: mantle wedge metasomatism during ocean–continent convergence,10.1080/00206814.2017.1365631,CC BY 4.0
399,7117805,Early Neoproterozoic evolution of Southeast Pakistan: evidence from geochemistry geochronology and isotopic composition of the Nagarparkar Igneous Complex,Early Neoproterozoic evolution of Southeast Pakistan: evidence from geochemistry geochronology and isotopic composition of the Nagarparkar Igneous Complex. Taylor & Francis. Shakoor Mastoi Abdul; Yang Xiaoyong; Deng Jianghong; Hakro Asghar A.A.D..,10.6084/m9.figshare.7117805.v1,Early Neoproterozoic evolution of Southeast Pakistan: evidence from geochemistry geochronology and isotopic composition of the Nagarparkar Igneous Complex,10.1080/00206814.2018.1512905,CC BY 4.0
400,6737141,Table S2.xlsxTectonic switching of Southeast South in the late Paleozoic,Yu Jinhai (2018): Table S2.xlsxTectonic switching of Southeast South in the late Paleozoic. figshare. Dataset. https://doi.org/10.6084/m9.figshare.6737141.v2,10.6084/m9.figshare.6737141.v2,,,CC BY 4.0
403,1258235,Localized Rejuvenation of a Crystal Mush Recorded in Zircon Temporal and Compositional Variation at the Lassen Volcanic Center Northern California,W. Klemetti Erik; A. Clynne Michael (2016): Localized Rejuvenation of a Crystal Mush Recorded in Zircon Temporal and Compositional Variation at the Lassen Volcanic Center Northern California. PLOS ONE. Dataset. https://doi.org/10.1371/journal.pone.0113157,10.1371/journal.pone.0113157,Localized Rejuvenation of a Crystal Mush Recorded in Zircon Temporal and Compositional Variation at the Lassen Volcanic Center Northern California,10.1371/journal.pone.0113157,CC BY 4.0
408,3503837,First discovery of a Palaeoproterozoic A-type granite in southern Wuyishan terrane Cathaysia Block: evidence from geochronology geochemistry and Nd-Hf-O isotopes,First discovery of a Palaeoproterozoic A-type granite in southern Wuyishan terrane Cathaysia Block: evidence from geochronology geochemistry and Nd–Hf–O isotopes. Taylor & Francis. Chen Zhi-Hong; Zhao Ling; Chen Dan-Dan; Zhao Xi-Lin; Xing Guang-Fu.,10.6084/m9.figshare.3503837.v1,First discovery of a Palaeoproterozoic A-type granite in southern Wuyishan terrane Cathaysia Block: evidence from geochronology geochemistry and Nd–Hf–O isotopes,10.1080/00206814.2016.1212285,CC BY 4.0
410,3453044,Middle Triassic arc magmatism along the northeastern margin of the Tibet: U -Pb and Lu-Hf zircon characterization of the Gangcha complex in the West Qinling terrane central China,"Guo Xianqing; Yan Zhen; Wang Zongqi; Wang Tao; Hou Kejun; Fu Changlei; et al. (2016): Middle Triassic arc magmatism along the northeastern margin of the Tibet: U–Pb and Lu–Hf zircon characterization of the Gangcha
                  complex in the West Qinling terrane central China. Geological Society of London. Dataset. https://doi.org/10.6084/m9.figshare.3453044.v1",10.6084/m9.figshare.3453044.v1,"Middle Triassic arc magmatism along the northeastern margin of the Tibet: U–Pb and Lu–Hf zircon characterization of the Gangcha
                  complex in the West Qinling terrane central China",10.1144/0016-76492011-083,CC BY 4.0
431,11889624,Slab roll-back and crustal growth in the Eastern Junggar terrane NW China: evidence from Carboniferous A-type granitoids and adakitic rocks,Slab roll-back and crustal growth in the Eastern Junggar terrane NW China: evidence from Carboniferous A-type granitoids and adakitic rocks. Taylor & Francis. Liu Dongdong; Zhang Chen; Li Canxing; Guo Jing; Zhang Ziya; Huang Zhixin; et al..,10.6084/m9.figshare.11889624.v1,Slab roll-back and crustal growth in the Eastern Junggar terrane NW China: evidence from Carboniferous A-type granitoids and adakitic rocks,10.1080/00206814.2020.1730248,CC BY 4.0
438,4737838,Triassic ore-bearing and barren porphyries in the Zhongdian Arc of SW China: implications for the subduction of the Palaeo-Tethys Ocean,Triassic ore-bearing and barren porphyries in the Zhongdian Arc of SW China: implications for the subduction of the Palaeo-Tethys Ocean. Taylor & Francis. Wang Peng; Dong Guochen; Santosh M.; Li Xuefeng; Dong Meiling.,10.6084/m9.figshare.4737838.v1,Triassic ore-bearing and barren porphyries in the Zhongdian Arc of SW China: implications for the subduction of the Palaeo-Tethys Ocean,10.1080/00206814.2017.1285256,CC BY 4.0
442,4743556,Petrogenesis and geodynamic setting of the Triassic granitoid plutons in West Qinling China: insights from LA-ICP-MS zircon U-Pb ages Lu-Hf isotope signatures and geochemical characteristics of the Zhongchuan pluton,Petrogenesis and geodynamic setting of the Triassic granitoid plutons in West Qinling China: insights from LA-ICP-MS zircon U–Pb ages Lu–Hf isotope signatures and geochemical characteristics of the Zhongchuan pluton. Taylor & Francis. Yang Shang-Song; Liu Jia-Jun; Zhang Fangfang; Yuan Feng; Zhai De-Gao; Li Yu-Jie; et al..,10.6084/m9.figshare.4743556.v1,Petrogenesis and geodynamic setting of the Triassic granitoid plutons in West Qinling China: insights from LA-ICP-MS zircon U–Pb ages Lu–Hf isotope signatures and geochemical characteristics of the Zhongchuan pluton,10.1080/00206814.2017.1300951,CC BY 4.0
448,13185278,Timescales of Partial Melting and Melt Crystallization in the Eastern Himalayan Orogen: Insights from Zircon Petrochronology,Zhang Zeming (2020): Timescales of Partial Melting and Melt Crystallization in the Eastern Himalayan Orogen: Insights from Zircon Petrochronology. figshare. Dataset. https://doi.org/10.6084/m9.figshare.13185278.v3,10.6084/m9.figshare.13185278.v3,,,CC BY 4.0
450,2075308,Cambrian granitic gneiss within the central Qiangtang terrane Tibetan Plateau: implications for the early Palaeozoic tectonic evolution of the Gondwanan margin,Cambrian granitic gneiss within the central Qiangtang terrane Tibetan Plateau: implications for the early Palaeozoic tectonic evolution of the Gondwanan margin. Taylor & Francis. Liu Yiming; Li Cai; Xie Chaoming; Fan Jianjun; Wu Hao; Jiang Qingyuan; et al..,10.6084/m9.figshare.2075308,Cambrian granitic gneiss within the central Qiangtang terrane Tibetan Plateau: implications for the early Palaeozoic tectonic evolution of the Gondwanan margin,10.1080/00206814.2016.1141329,CC BY 4.0
454,5483296,Petrogenesis and metallogenic implications of Late Mesozoic intrusive rocks in the Tongling region eastern China: a case study and perspective review,Petrogenesis and metallogenic implications of Late Mesozoic intrusive rocks in the Tongling region eastern China: a case study and perspective review. Taylor & Francis. Xie Jiancheng; Wang Yu; Li Quanzhong; Yan Jun; Sun Weidong.,10.6084/m9.figshare.5483296.v1,Petrogenesis and metallogenic implications of Late Mesozoic intrusive rocks in the Tongling region eastern China: a case study and perspective review,10.1080/00206814.2017.1386130,CC BY 4.0
457,5877802,High-temperature-low-pressure metamorphism and the production of S-type granites of the Hillgrove Supersuite southern New England Orogen NSW Australia,High-temperature–low-pressure metamorphism and the production of S-type granites of the Hillgrove Supersuite southern New England Orogen NSW Australia. Taylor & Francis. Craven S. J.; Daczko N. R..,10.6084/m9.figshare.5877802.v1,High-temperature–low-pressure metamorphism and the production of S-type granites of the Hillgrove Supersuite southern New England Orogen NSW Australia,10.1080/08120099.2018.1425908,CC BY 4.0
466,7094246,Early Cretaceous volcanic and sub-volcanic rocks in the Erlian Basin and adjacent areas Northeast China: new geochemistry geochronology and zircon Hf isotope constraints on petrogenesis and tectonic setting,Early Cretaceous volcanic and sub-volcanic rocks in the Erlian Basin and adjacent areas Northeast China: new geochemistry geochronology and zircon Hf isotope constraints on petrogenesis and tectonic setting. Taylor & Francis. Tang Jianzhou; Zhang Zhicheng; Ji Zejia; Chen Yan; Li Ke; Jinfu Yang; et al..,10.6084/m9.figshare.7094246.v1,Early Cretaceous volcanic and sub-volcanic rocks in the Erlian Basin and adjacent areas Northeast China: new geochemistry geochronology and zircon Hf isotope constraints on petrogenesis and tectonic setting,10.1080/00206814.2018.1517615,CC BY 4.0
467,5640370,Provenance analyses of early Mesozoic sediments in the Ningwu basin: Implications for the tectonic-palaeogeographic evolution of the northcentral North China Craton,Provenance analyses of early Mesozoic sediments in the Ningwu basin: Implications for the tectonic–palaeogeographic evolution of the northcentral North China Craton. Taylor & Francis. Zhou Rui; Liu Dongna; Zhou Anchao; Zou Yu.,10.6084/m9.figshare.5640370.v1,Provenance analyses of early Mesozoic sediments in the Ningwu basin: Implications for the tectonic–palaeogeographic evolution of the northcentral North China Craton,10.1080/00206814.2017.1407970,CC BY 4.0
476,1290934,Origin of Triassic granites in central Hunan Province South China: constraints from zircon U-Pb ages and Hf and O isotopes,Origin of Triassic granites in central Hunan Province South China: constraints from zircon U–Pb ages and Hf and O isotopes. Taylor & Francis. Fu Shanling; Hu Ruizhong; Bi Xianwu; Chen Youwei; Yang Jiehua; Huang Yong.,10.6084/m9.figshare.1290934.v2,Origin of Triassic granites in central Hunan Province South China: constraints from zircon U–Pb ages and Hf and O isotopes,10.1080/00206814.2014.996258,CC BY 4.0
479,13174491,Petrogenesis of the Late Triassic Mengsong strongly peraluminous granites in the southeastern Tibetan Plateau: highly fractionated from crystal mush,Petrogenesis of the Late Triassic Mengsong strongly peraluminous granites in the southeastern Tibetan Plateau: highly fractionated from crystal mush. Taylor & Francis. Cong Feng; Wu Fu-Yuan; Li Wen-Chang; He De-Feng; Sun Zai-Bo; Huang Xiao-Ming; et al..,10.6084/m9.figshare.13174491.v1,Petrogenesis of the Late Triassic Mengsong strongly peraluminous granites in the southeastern Tibetan Plateau: highly fractionated from crystal mush,10.1080/00206814.2020.1839975,CC BY 4.0
485,12854114,Paleoproterozoic S-type granites in the Lengshui complex South China: Implications for the tectonic evolution of the Yangtze Block,Paleoproterozoic S-type granites in the Lengshui complex South China: Implications for the tectonic evolution of the Yangtze Block. Taylor & Francis. Li Kuizhou; Deng Qi; Wang Jian; Yakymchuk Chris; Hou Mingcai; Cui Xiaozhuang; et al..,10.6084/m9.figshare.12854114.v1,Paleoproterozoic S-type granites in the Lengshui complex South China: Implications for the tectonic evolution of the Yangtze Block,10.1080/00206814.2020.1777472,CC BY 4.0
487,12189480,Supplemental Material: U-Pb and Hf isotopic evidence for an Arctic origin of terranes in northwestern Washington,Schermer Elizabeth R.; Hoffnagle Eric A.; Brown Edwin H.; Gehrels George E.; McClelland William C. (2018): Supplemental Material: U-Pb and Hf isotopic evidence for an Arctic origin of terranes in northwestern Washington. Geological Society of America. Journal contribution. https://doi.org/10.1130/GES01557.S1,10.1130/GES01557.S1,U-Pb and Hf isotopic evidence for an Arctic origin of terranes in northwestern Washington,10.1130/GES01557.1,CC BY-NC 4.0
489,13121892,The Mojiawan I-type granite of the Kangding Complex in the western Yangtze Block: new constraint on the Neoproterozoic magmatism and tectonic evolution of South China,The Mojiawan I-type granite of the Kangding Complex in the western Yangtze Block: new constraint on the Neoproterozoic magmatism and tectonic evolution of South China. Taylor & Francis. Jiang Xiu-Wei; Zou Hao; Bagas Leon; Chen Hai-Feng; Liu Hang; Li Yang; et al..,10.6084/m9.figshare.13121892.v1,The Mojiawan I-type granite of the Kangding Complex in the western Yangtze Block: new constraint on the Neoproterozoic magmatism and tectonic evolution of South China,10.1080/00206814.2020.1833254,CC BY 4.0
490,12635987,Supplemental Material: Volcanic record of the arc-to-rift transition onshore of the Guaymas basin in the Santa Rosali�a area Gulf of California Baja California,Busby C.; al. et (2020): Supplemental Material: Volcanic record of the arc-to-rift transition onshore of the Guaymas basin in the Santa Rosalía area Gulf of California Baja California. Geological Society of America. Journal contribution. https://doi.org/10.1130/GEOS.S.12635987.v1,10.1130/GEOS.S.12635987.v1,Volcanic record of the arc-to-rift transition onshore of the Guaymas basin in the Santa Rosalía area Gulf of California Baja California,10.1130/GES02094.1,CC BY-NC 4.0
491,8247353,SHRIMP U-Pb zircon geochronology and Hf isotope analyses of Middle Permian-early triassic intrusions in southern Manzhouli area Northeast China: implications for the subduction of Mongol-Okhotsk plate beneath the Erguna massif,SHRIMP U-Pb zircon geochronology and Hf isotope analyses of Middle Permian–early triassic intrusions in southern Manzhouli area Northeast China: implications for the subduction of Mongol-Okhotsk plate beneath the Erguna massif. Taylor & Francis. Mi Kui-Feng; LÜ Zhi-Cheng; Yan Ting-Jie; Zhao Sheng-Jin; Yu Hai-Yang.,10.6084/m9.figshare.8247353.v1,SHRIMP U-Pb zircon geochronology and Hf isotope analyses of Middle Permian–early triassic intrusions in southern Manzhouli area Northeast China: implications for the subduction of Mongol-Okhotsk plate beneath the Erguna massif,10.1080/00206814.2019.1622458,CC BY 4.0
497,12854087,Late Palaeozoic-Early Mesozoic southward subduction of the Mongol-Okhotsk oceanic slab: geochronological geochemical and Hf isotopic evidence from intrusive rocks in the Erguna Massif (NE China),Late Palaeozoic–Early Mesozoic southward subduction of the Mongol–Okhotsk oceanic slab: geochronological geochemical and Hf isotopic evidence from intrusive rocks in the Erguna Massif (NE China). Taylor & Francis. Mao Anqi; Sun Deyou; Gou Jun; Yang Dongguang; Zheng Han.,10.6084/m9.figshare.12854087.v1,Late Palaeozoic–Early Mesozoic southward subduction of the Mongol–Okhotsk oceanic slab: geochronological geochemical and Hf isotopic evidence from intrusive rocks in the Erguna Massif (NE China),10.1080/00206814.2020.1758968,CC BY 4.0
499,12854159,Discovery of Neoproterozoic highly fractionated syenogranite in the southwestern part of the Erguna Massif in NE China and its geological implication,Discovery of Neoproterozoic highly fractionated syenogranite in the southwestern part of the Erguna Massif in NE China and its geological implication. Taylor & Francis. Li Gaofeng; Jiang Sihong; Bagas Leon; Ji Genyuan; Liu Yifei.,10.6084/m9.figshare.12854159.v1,Discovery of Neoproterozoic highly fractionated syenogranite in the southwestern part of the Erguna Massif in NE China and its geological implication,10.1080/00206814.2020.1802619,CC BY 4.0
533,14779818,Supplemental Material: Mantle control on magmatic flare-ups in the southern Coast Mountains batholith British Columbia,Cecil M.R.; al. et (2021): Supplemental Material: Mantle control on magmatic flare-ups in the southern Coast Mountains batholith British Columbia. Geological Society of America. Dataset. https://doi.org/10.1130/GEOS.S.14779818.v1,10.1130/GEOS.S.14779818.v1,Mantle control on magmatic flare-ups in the southern Coast Mountains batholith British Columbia,10.1130/GES02361.1,CC BY-NC 4.0
555,14571000,Table_4_Petrogenesis Redox State and Mineralization Potential of Triassic Granitoids in the Mengshan District South China.XLSX,Yang Yanshen; Pan Xiaofei; Hou Zengqian; Deng Yang; Ouyang Yongpeng; Meng Delei; et al. (2021): Table_4_Petrogenesis Redox State and Mineralization Potential of Triassic Granitoids in the Mengshan District South China.XLSX. Frontiers. Dataset. https://doi.org/10.3389/feart.2021.657618.s006,10.3389/feart.2021.657618.s006,Petrogenesis Redox State and Mineralization Potential of Triassic Granitoids in the Mengshan District South China,10.3389/feart.2021.657618,CC BY 4.0
558,14230454,Supplemental Material: Generation of Cretaceous high-silica granite by complementary crystal accumulation and silicic melt extraction in the coastal region of southeastern China,Chen Jing-Yuan; al. et (2021): Supplemental Material: Generation of Cretaceous high-silica granite by complementary crystal accumulation and silicic melt extraction in the coastal region of southeastern China. Geological Society of America. Journal contribution. https://doi.org/10.1130/GSAB.S.14230454.v1,10.1130/GSAB.S.14230454.v1,Generation of Cretaceous high-silica granite by complementary crystal accumulation and silicic melt extraction in the coastal region of southeastern China,10.1130/B35745.1,CC BY-NC 4.0
560,14570991,Table_1_Petrogenesis Redox State and Mineralization Potential of Triassic Granitoids in the Mengshan District South China.XLSX,Yang Yanshen; Pan Xiaofei; Hou Zengqian; Deng Yang; Ouyang Yongpeng; Meng Delei; et al. (2021): Table_1_Petrogenesis Redox State and Mineralization Potential of Triassic Granitoids in the Mengshan District South China.XLSX. Frontiers. Dataset. https://doi.org/10.3389/feart.2021.657618.s003,10.3389/feart.2021.657618.s003,Petrogenesis Redox State and Mineralization Potential of Triassic Granitoids in the Mengshan District South China,10.3389/feart.2021.657618,CC BY 4.0
568,14570994,Table_2_Petrogenesis Redox State and Mineralization Potential of Triassic Granitoids in the Mengshan District South China.XLSX,Yang Yanshen; Pan Xiaofei; Hou Zengqian; Deng Yang; Ouyang Yongpeng; Meng Delei; et al. (2021): Table_2_Petrogenesis Redox State and Mineralization Potential of Triassic Granitoids in the Mengshan District South China.XLSX. Frontiers. Dataset. https://doi.org/10.3389/feart.2021.657618.s004,10.3389/feart.2021.657618.s004,Petrogenesis Redox State and Mineralization Potential of Triassic Granitoids in the Mengshan District South China,10.3389/feart.2021.657618,CC BY 4.0
569,14614557,Supplemental Material: Origin of syn-collisional granitoids in the Gangdese orogen: Reworking of the juvenile arc crust and the ancient continental crust,Tang Yu-Wei; Chen Long; al. et (2021): Supplemental Material: Origin of syn-collisional granitoids in the Gangdese orogen: Reworking of the juvenile arc crust and the ancient continental crust. Geological Society of America. Journal contribution. https://doi.org/10.1130/GSAB.S.14614557.v1,10.1130/GSAB.S.14614557.v1,Origin of syn-collisional granitoids in the Gangdese orogen: Reworking of the juvenile arc crust and the ancient continental crust,10.1130/B35928.1,CC BY-NC 4.0
570,14624745,Table_1_Geochronological Constraint on the Evolution of the Aktyuz Terrane Kyrgyz North Tianshan and the Fate of the Taldybulak Levoberezhny Gold Deposit.XLSX,Xi Wei; Li Nuo; Xia Xiaohong; Ling Xiaoxiao; Wu Yanshuang (2021): Table_1_Geochronological Constraint on the Evolution of the Aktyuz Terrane Kyrgyz North Tianshan and the Fate of the Taldybulak Levoberezhny Gold Deposit.XLSX. Frontiers. Dataset. https://doi.org/10.3389/feart.2021.664361.s001,10.3389/feart.2021.664361.s001,Geochronological Constraint on the Evolution of the Aktyuz Terrane Kyrgyz North Tianshan and the Fate of the Taldybulak Levoberezhny Gold Deposit,10.3389/feart.2021.664361,CC BY 4.0
574,14356322,Supplemental Material: Constraining the duration of the Tarim flood basalts (northwestern China): CA-TIMS zircon U-Pb dating of tuffs,Zhong Yu-Ting; al. et (2021): Supplemental Material: Constraining the duration of the Tarim flood basalts (northwestern China): CA-TIMS zircon U-Pb dating of tuffs. Geological Society of America. Journal contribution. https://doi.org/10.1130/GSAB.S.14356322.v1,10.1130/GSAB.S.14356322.v1,Constraining the duration of the Tarim flood basalts (northwestern China): CA-TIMS zircon U-Pb dating of tuffs,10.1130/B36053.1,CC BY-NC 4.0
579,14376392,Table S2-zircon Hf.xlsx,Wang Xinshui; Klemd Reiner; Li Jilei; Gao Jun; Jiang Tuo; Zong Keqing; et al. (2021): Table S2-zircon Hf.xlsx. figshare. Dataset. https://doi.org/10.6084/m9.figshare.14376392.v2,10.6084/m9.figshare.14376392.v2,,,CC BY 4.0
580,12725741,Table_2_Late Jurassic Leucogranites of Macau (SE China): A Record of Crustal Recycling During the Early Yanshanian Orogeny.xls,Shellnutt J. Gregory; Vaughan Matthew W.; Lee Hao-Yang; Iizuka Yoshiyuki (2020): Table_2_Late Jurassic Leucogranites of Macau (SE China): A Record of Crustal Recycling During the Early Yanshanian Orogeny.xls. Frontiers. Dataset. https://doi.org/10.3389/feart.2020.00311.s003,10.3389/feart.2020.00311.s003,Late Jurassic Leucogranites of Macau (SE China): A Record of Crustal Recycling During the Early Yanshanian Orogeny,10.3389/feart.2020.00311,CC BY 4.0
581,12725744,Table_3_Late Jurassic Leucogranites of Macau (SE China): A Record of Crustal Recycling During the Early Yanshanian Orogeny.xls,Shellnutt J. Gregory; Vaughan Matthew W.; Lee Hao-Yang; Iizuka Yoshiyuki (2020): Table_3_Late Jurassic Leucogranites of Macau (SE China): A Record of Crustal Recycling During the Early Yanshanian Orogeny.xls. Frontiers. Dataset. https://doi.org/10.3389/feart.2020.00311.s004,10.3389/feart.2020.00311.s004,Late Jurassic Leucogranites of Macau (SE China): A Record of Crustal Recycling During the Early Yanshanian Orogeny,10.3389/feart.2020.00311,CC BY 4.0
582,12725747,Table_4_Late Jurassic Leucogranites of Macau (SE China): A Record of Crustal Recycling During the Early Yanshanian Orogeny.xlsx,Shellnutt J. Gregory; Vaughan Matthew W.; Lee Hao-Yang; Iizuka Yoshiyuki (2020): Table_4_Late Jurassic Leucogranites of Macau (SE China): A Record of Crustal Recycling During the Early Yanshanian Orogeny.xlsx. Frontiers. Dataset. https://doi.org/10.3389/feart.2020.00311.s005,10.3389/feart.2020.00311.s005,Late Jurassic Leucogranites of Macau (SE China): A Record of Crustal Recycling During the Early Yanshanian Orogeny,10.3389/feart.2020.00311,CC BY 4.0
596,14390390,Supplemental Material: Late Neoproterozoic to early Paleozoic paleogeographic position of the Yangtze block and the change of tectonic setting in its northwestern margin: Evidence from detrital zircon U-Pb ages and Hf isotopes of sedimentary rocks,Zhao Bingshuang; Long Xiaoping; al. et (2021): Supplemental Material: Late Neoproterozoic to early Paleozoic paleogeographic position of the Yangtze block and the change of tectonic setting in its northwestern margin: Evidence from detrital zircon U-Pb ages and Hf isotopes of sedimentary rocks. Geological Society of America. Journal contribution. https://doi.org/10.1130/GSAB.S.14390390.v1,10.1130/GSAB.S.14390390.v1,Late Neoproterozoic to early Paleozoic paleogeographic position of the Yangtze block and the change of tectonic setting in its northwestern margin: Evidence from detrital zircon U-Pb ages and Hf isotopes of sedimentary rocks,10.1130/B35980.1,CC BY-NC 4.0
602,14185282,Middle Triassic volcanic rocks from the Gangdese belt southern Tibet: petrogenesis and implications for Tethys tectonic evolution,Middle Triassic volcanic rocks from the Gangdese belt southern Tibet: petrogenesis and implications for Tethys tectonic evolution. Taylor & Francis. Wang Jingui; Yang Fan; Santosh M.; Zhang Xinquan; Wei Wentong; Zhuan Shaopeng; et al..,10.6084/m9.figshare.14185282.v1,Middle Triassic volcanic rocks from the Gangdese belt southern Tibet: petrogenesis and implications for Tethys tectonic evolution,10.1080/00206814.2021.1891468,CC BY 4.0
604,14241947,Supplemental Material: Early Cenozoic partial melting of meta-sedimentary rocks of the eastern Gangdese arc southern Tibet and its contribution to syn-collisional magmatism,Jiang Yuan-Yuan; al. et (2021): Supplemental Material: Early Cenozoic partial melting of meta-sedimentary rocks of the eastern Gangdese arc southern Tibet and its contribution to syn-collisional magmatism. Geological Society of America. Journal contribution. https://doi.org/10.1130/GSAB.S.14241947.v1,10.1130/GSAB.S.14241947.v1,Early Cenozoic partial melting of meta-sedimentary rocks of the eastern Gangdese arc southern Tibet and its contribution to syn-collisional magmatism,10.1130/B35763.1,CC BY-NC 4.0
654,12857882,Supplemental Material: Zircon and monazite geochronology in the Palmer zone of transpression south-central New England USA: Constraints on timing of deformation high-grade metamorphism and lithospheric foundering during late Paleozoic oblique collision in the Northern Appalachian orogen,Moecher David; al. et (2020): Supplemental Material: Zircon and monazite geochronology in the Palmer zone of transpression south-central New England USA: Constraints on timing of deformation high-grade metamorphism and lithospheric foundering during late Paleozoic oblique collision in the Northern Appalachian orogen. Geological Society of America. Journal contribution. https://doi.org/10.1130/GSAB.S.12857882.v1,10.1130/GSAB.S.12857882.v1,Zircon and monazite geochronology in the Palmer zone of transpression south-central New England USA: Constraints on timing of deformation high-grade metamorphism and lithospheric foundering during late Paleozoic oblique collision in the Northern Appalachian orogen,10.1130/B35744.1,CC BY-NC 4.0
657,12296039,Supplemental Material: Petrogenesis of the crystalline basement along the western Gulf of Mexico: Postcollisional magmatism during the formation of Pangea,Coombs Henry E. (2020): Supplemental Material: Petrogenesis of the crystalline basement along the western Gulf of Mexico: Postcollisional magmatism during the formation of Pangea. Geological Society of America. Book. https://doi.org/10.1130/SPE.S.12296039,10.1130/SPE.S.12296039,Petrogenesis of the crystalline basement along the western Gulf of Mexico: Postcollisional magmatism during the formation of Pangea,10.1130/2020.2546(02),CC BY-NC 4.0
663,14049965,Supplemental Material: Detrital-zircon analyses provenance and late Paleozoic sediment dispersal in the context of tectonic evolution of the Ouachita orogen,Thomas W.A.; al. et (2021): Supplemental Material: Detrital-zircon analyses provenance and late Paleozoic sediment dispersal in the context of tectonic evolution of the Ouachita orogen. Geological Society of America. Dataset. https://doi.org/10.1130/GEOS.S.14049965.v1,10.1130/GEOS.S.14049965.v1,Detrital-zircon analyses provenance and late Paleozoic sediment dispersal in the context of tectonic evolution of the Ouachita orogen,10.1130/GES02288.1,CC BY-NC 4.0
664,13585013,Supplemental Material: High-precision U-Pb age constraints on the Permian floral turnovers paleoclimate change and tectonics of the North China block,Wu Qiong; Shen Shu-zhong; al. et (2021): Supplemental Material: High-precision U-Pb age constraints on the Permian floral turnovers paleoclimate change and tectonics of the North China block. Geological Society of America. Journal contribution. https://doi.org/10.1130/GEOL.S.13585013,10.1130/GEOL.S.13585013,High-precision U-Pb age constraints on the Permian floral turnovers paleoclimate change and tectonics of the North China block,10.1130/G48051.1,CC BY 4.0
667,14673861,Supplemental Material: Detrital zircon provenance and depositional links of Mesozoic Sierra Nevada intra-arc strata,Attia S.; al. et (2021): Supplemental Material: Detrital zircon provenance and depositional links of Mesozoic Sierra Nevada intra-arc strata. Geological Society of America. Journal contribution. https://doi.org/10.1130/GEOS.S.14673861.v1,10.1130/GEOS.S.14673861.v1,Detrital zircon provenance and depositional links of Mesozoic Sierra Nevada intra-arc strata,10.1130/GES02296.1,CC BY-NC 4.0
668,14600226,Supplemental Material: The timeline of prolonged accretionary processes in eastern Central Asian Orogenic Belt: Insights from episodic Paleozoic intrusions in central Inner Mongolia North China,Yuan Lingling; Zhang Xiaohui; Yang Zhili (2021): Supplemental Material: The timeline of prolonged accretionary processes in eastern Central Asian Orogenic Belt: Insights from episodic Paleozoic intrusions in central Inner Mongolia North China. Geological Society of America. Journal contribution. https://doi.org/10.1130/GSAB.S.14600226.v1,10.1130/GSAB.S.14600226.v1,The timeline of prolonged accretionary processes in eastern Central Asian Orogenic Belt: Insights from episodic Paleozoic intrusions in central Inner Mongolia North China,10.1130/B35907.1,CC BY-NC 4.0
670,14347001,Supplemental Material: Did accretion of the Caribbean oceanic plateau drive rapid crustal thickening in the northern Andes?,George Sarah; al. et (2021): Supplemental Material: Did accretion of the Caribbean oceanic plateau drive rapid crustal thickening in the northern Andes?. Geological Society of America. Journal contribution. https://doi.org/10.1130/GEOL.S.14347001.v1,10.1130/GEOL.S.14347001.v1,Did accretion of the Caribbean oceanic plateau drive rapid crustal thickening in the northern Andes?,10.1130/G48509.1,CC BY-NC 4.0
671,14489175,Supplemental Material: Providencia Island: A Miocene Stratovolcano on the Lower Nicaraguan Rise Western Caribbean A Geological Enigma Resolved Item,Smith Alan L.; al. et (2021): Supplemental Material: Providencia Island: A Miocene Stratovolcano on the Lower Nicaraguan Rise Western Caribbean—A Geological Enigma Resolved Item. Geological Society of America. Journal contribution. https://doi.org/10.1130/MWR.S.14489175.v3,10.1130/MWR.S.14489175.v3,Providencia Island: A Miocene Stratovolcano on the Lower Nicaraguan Rise Western Caribbean—A Geological Enigma Resolved,10.1130/2021.1219(01),CC BY-NC 4.0
673,14178392,Full zircon U-Pb geochronology data,Kirkland Christopher L; Evans Noreen; Gardiner Nicholas; Olierook Hugo Kees Herman; Hollis Julie A; Yakymchuk Chris; et al. (2021): Full zircon U-Pb geochronology data. figshare. Dataset. https://doi.org/10.6084/m9.figshare.14178392.v1,10.6084/m9.figshare.14178392.v1,,,CC0
675,14251604,Supplemental Material: Detrital zircon record of Phanerozoic magmatism in the southern Central Andes,Capaldi T.N.; al. et (2021): Supplemental Material: Detrital zircon record of Phanerozoic magmatism in the southern Central Andes. Geological Society of America. Journal contribution. https://doi.org/10.1130/GEOS.S.14251604.v1,10.1130/GEOS.S.14251604.v1,Detrital zircon record of Phanerozoic magmatism in the southern Central Andes,10.1130/GES02346.1,CC BY-NC 4.0
680,13133177,Supplemental Material: Cretaceous to Oligocene magmatic and tectonic evolution of the western Alaska Range: Insights from U-Pb and 40Ar/39Ar geochronology,III J.V. Jones; al. et (2020): Supplemental Material: Cretaceous to Oligocene magmatic and tectonic evolution of the western Alaska Range: Insights from U-Pb and <sup>40</sup>Ar/<sup>39</sup>Ar geochronology. Geological Society of America. Journal contribution. https://doi.org/10.1130/GEOS.S.13133177.v2,10.1130/GEOS.S.13133177.v2,Cretaceous to Oligocene magmatic and tectonic evolution of the western Alaska Range: Insights from U-Pb and <sup>40</sup>Ar/<sup>39</sup>Ar geochronology,10.1130/GES02323.1,CC BY-NC 4.0
683,12915629,Supplemental Material: A link between rift-related volcanism and end-Ediacaran extinction? Integrated chemostratigraphy biostratigraphy and U-Pb geochronology from Sonora Mexico,Hodgin E.B.; Nelson Lyle; al. et (2020): Supplemental Material: A link between rift-related volcanism and end-Ediacaran extinction? Integrated chemostratigraphy biostratigraphy and U-Pb geochronology from Sonora Mexico. Geological Society of America. Journal contribution. https://doi.org/10.1130/GEOL.S.12915629.v1,10.1130/GEOL.S.12915629.v1,A link between rift-related volcanism and end-Ediacaran extinction? Integrated chemostratigraphy biostratigraphy and U-Pb geochronology from Sonora Mexico,10.1130/G47972.1,CC BY-NC 4.0
688,12501191,Supplemental Material: New age constraints on the duration and origin of the Late Ordovician Guttenberg d13Ccarb excursion from high-precision U-Pb geochronology of K-bentonites,Metzger J. Garrecht; Ramezani Jahandar; al. et (2020): Supplemental Material: New age constraints on the duration and origin of the Late Ordovician Guttenberg d13Ccarb excursion from high-precision U-Pb geochronology of K-bentonites. Geological Society of America. Journal contribution. https://doi.org/10.1130/GSAB.S.12501191.v2,10.1130/GSAB.S.12501191.v2,New age constraints on the duration and origin of the Late Ordovician Guttenberg d13Ccarb excursion from high-precision U-Pb geochronology of K-bentonites,10.1130/B35688.1,CC BY-NC 4.0
693,14471031,Supplemental Material: Detrital zircon geochronology and provenance of the Middle to Late Jurassic Paradox Basin and Central Colorado trough: Paleogeographic implications for southwestern Laurentia,Ejembi J.I.; al. et (2021): Supplemental Material: Detrital zircon geochronology and provenance of the Middle to Late Jurassic Paradox Basin and Central Colorado trough: Paleogeographic implications for southwestern Laurentia. Geological Society of America. Journal contribution. https://doi.org/10.1130/GEOS.S.14471031.v1,10.1130/GEOS.S.14471031.v1,Detrital zircon geochronology and provenance of the Middle to Late Jurassic Paradox Basin and Central Colorado trough: Paleogeographic implications for southwestern Laurentia,10.1130/GES02264.1,CC BY-NC 4.0
698,12275510,Supplemental Material: U-Pb zircon geochronology and depositional age models for the Upper Triassic Chinle Formation (Petrified Forest National Park Arizona USA): Implications for Late Triassic paleoecological and paleoenvironmental change,Rasmussen Cornelia; al. et (2020): Supplemental Material: U-Pb zircon geochronology and depositional age models for the Upper Triassic Chinle Formation (Petrified Forest National Park Arizona USA): Implications for Late Triassic paleoecological and paleoenvironmental change. Geological Society of America. Journal contribution. https://doi.org/10.1130/GSAB.S.12275510.v2,10.1130/GSAB.S.12275510.v2,U-Pb zircon geochronology and depositional age models for the Upper Triassic Chinle Formation (Petrified Forest National Park Arizona USA): Implications for Late Triassic paleoecological and paleoenvironmental change,10.1130/B35485.1,CC BY-NC 4.0
730,13653200,Supplemental Material: The construction of the Donegal composite batholith Irish Caledonides: Temporal constraints from U-Pb dating of zircon and titanite,Archibald Donnelly B.; al. et (2021): Supplemental Material: The construction of the Donegal composite batholith Irish Caledonides: Temporal constraints from U-Pb dating of zircon and titanite. Geological Society of America. Journal contribution. https://doi.org/10.1130/GSAB.S.13653200.v1,10.1130/GSAB.S.13653200.v1,The construction of the Donegal composite batholith Irish Caledonides: Temporal constraints from U-Pb dating of zircon and titanite,10.1130/B35856.1,CC BY-NC 4.0
733,14150039,Supplemental Material: New zircon radiometric U-Pb ages and Lu-Hf isotopic data from the ultramafic-mafic sequences of Ranau and Telupid (Sabah eastern Malaysia): Time to reconsider the geological evolution of Southeast Asia?,Tsikouras Basilios; al. et (2021): Supplemental Material: New zircon radiometric U-Pb ages and Lu-Hf isotopic data from the ultramafic-mafic sequences of Ranau and Telupid (Sabah eastern Malaysia): Time to reconsider the geological evolution of Southeast Asia?. Geological Society of America. Journal contribution. https://doi.org/10.1130/GEOL.S.14150039.v1,10.1130/GEOL.S.14150039.v1,New zircon radiometric U-Pb ages and Lu-Hf isotopic data from the ultramafic-mafic sequences of Ranau and Telupid (Sabah eastern Malaysia): Time to reconsider the geological evolution of Southeast Asia?,10.1130/G48126.1,CC BY 4.0
850,15138600,Supplemental Material: Cryogenian glaciostatic and eustatic fluctuations and massive Marinoan-related deposition of Fe and Mn in the Urucum District Brazil,Freitas Bernardo; al. et (2021): Supplemental Material: Cryogenian glaciostatic and eustatic fluctuations and massive Marinoan-related deposition of Fe and Mn in the Urucum District Brazil. Geological Society of America. Journal contribution. https://doi.org/10.1130/GEOL.S.15138600.v1,10.1130/GEOL.S.15138600.v1,Cryogenian glaciostatic and eustatic fluctuations and massive Marinoan-related deposition of Fe and Mn in the Urucum District Brazil,10.1130/G49134.1,CC BY-NC 4.0
909,14233481,Supplemental Material: Outer forearc uplift and exhumation during high-flux magmatism: Evidence from detrital zircon geochemistry of the Nacimiento forearc basin California USA,Johnston Scott; Kylander-Clark Andrew R.C. (2021): Supplemental Material: Outer forearc uplift and exhumation during high-flux magmatism: Evidence from detrital zircon geochemistry of the Nacimiento forearc basin California USA. Geological Society of America. Journal contribution. https://doi.org/10.1130/GEOL.S.14233481.v1,10.1130/GEOL.S.14233481.v1,Outer forearc uplift and exhumation during high-flux magmatism: Evidence from detrital zircon geochemistry of the Nacimiento forearc basin California USA,10.1130/G48627.1,CC BY-NC 4.0
918,15025437,Supplemental Material: Coupled magmatic and host rock processes during the initiation of the Tuolumne Intrusive Complex Sierra Nevada California USA: A transition from ephemeral sheets to long-lived active magma mushes,Memeti Valbone; al et. (2021): Supplemental Material: Coupled magmatic and host rock processes during the initiation of the Tuolumne Intrusive Complex Sierra Nevada California USA: A transition from ephemeral sheets to long-lived active magma mushes. Geological Society of America. Journal contribution. https://doi.org/10.1130/GSAB.S.15025437.v1,10.1130/GSAB.S.15025437.v1,Coupled magmatic and host rock processes during the initiation of the Tuolumne Intrusive Complex Sierra Nevada California USA: A transition from ephemeral sheets to long-lived active magma mushes,10.1130/B35871.1,CC BY 4.0
919,14771130,Supplemental Material: Earths new tectonic regime at the dawn of the Paleoproterozoic: Hf isotope evidence for efficient crustal growth and reworking in the Sao Francisco craton Brazil,Bruno Henrique; al. et (2021): Supplemental Material: Earth’s new tectonic regime at the dawn of the Paleoproterozoic: Hf isotope evidence for efficient crustal growth and reworking in the São Francisco craton Brazil. Geological Society of America. Journal contribution. https://doi.org/10.1130/GEOL.S.14771130.v1,10.1130/GEOL.S.14771130.v1,Earth’s new tectonic regime at the dawn of the Paleoproterozoic: Hf isotope evidence for efficient crustal growth and reworking in the São Francisco craton Brazil,10.1130/G49024.1,CC BY-NC 4.0
934,14668626,Supplemental Material: Unraveling the link between mantle upwelling and formation of Sn-bearing granitic rocks in the world-class Dachang tin district South China,Guo Jia; Zhang Rongqing; al. et (2021): Supplemental Material: Unraveling the link between mantle upwelling and formation of Sn-bearing granitic rocks in the world-class Dachang tin district South China. Geological Society of America. Journal contribution. https://doi.org/10.1130/GSAB.S.14668626.v1,10.1130/GSAB.S.14668626.v1,Unraveling the link between mantle upwelling and formation of Sn-bearing granitic rocks in the world-class Dachang tin district South China,10.1130/B35492.1,CC BY-NC 4.0
935,14925234,Supplemental Material: Jurassic Arc: Reconstructing the Lost World of eastern Gondwana,Foley Elliot K.; al. et (2021): Supplemental Material: Jurassic Arc: Reconstructing the Lost World of eastern Gondwana. Geological Society of America. Journal contribution. https://doi.org/10.1130/GEOL.S.14925234.v1,10.1130/GEOL.S.14925234.v1,Jurassic Arc: Reconstructing the Lost World of eastern Gondwana,10.1130/G49328.1,CC BY-NC 4.0
940,14417615,Supplemental Material: A hidden Rodinian lithospheric keel beneath Zealandia Earths newly recognized continent,Turnbull Rose; al. et (2021): Supplemental Material: A hidden Rodinian lithospheric keel beneath Zealandia Earth’s newly recognized continent. Geological Society of America. Journal contribution. https://doi.org/10.1130/GEOL.S.14417615.v2,10.1130/GEOL.S.14417615.v2,A hidden Rodinian lithospheric keel beneath Zealandia Earth’s newly recognized continent,10.1130/G48711.1,CC BY 4.0
951,14376116,Table S1.xlsx,Wang Xinshui; Klemd Reiner; Li Ji-Lei; Gao Jun; Jiang Tuo; Zong Keqing; et al. (2021): Table S1.xlsx. figshare. Dataset. https://doi.org/10.6084/m9.figshare.14376116.v1,10.6084/m9.figshare.14376116.v1,,,CC BY 4.0
1053,4580698,U-Pb geochronological data. Early Mesozoic intracontinental orogeny and stress transmission in South China: evidence from Triassic peraluminous granites,Song Meijia; Shu Liangshu; Santosh M. (2017): U–Pb geochronological data. Early Mesozoic intracontinental orogeny and stress transmission in South China: evidence from Triassic peraluminous granites. Geological Society of London. Dataset. https://doi.org/10.6084/m9.figshare.4580698.v2,10.6084/m9.figshare.4580698.v2,,,CC BY 4.0
